Feature,Unnamed: 0,ranking,support
PAAC_Xc1.Q,126,1,True
PAAC_Xc1.N,123,1,True
CTDC_solventaccess.G1,118,1,True
CTDC_polarizability.G3,111,1,True
CTDC_hydrophobicity_ENGD860101.G3,99,1,True
CTDC_hydrophobicity_ENGD860101.G1,97,1,True
CTDC_hydrophobicity_CASG920101.G3,96,1,True
CTDC_hydrophobicity_PONP930101.G3,93,1,True
CTDC_hydrophobicity_PONP930101.G2,92,1,True
CTDC_hydrophobicity_ZIMJ680101.G3,90,1,True
Geary_ARGP820103.lag1,545,1,True
QSOrder_Schneider.Xd.3,78,1,True
QSOrder_Schneider.Xd.1,76,1,True
QSOrder_Grantham.Xr.V,75,1,True
QSOrder_Grantham.Xr.Y,74,1,True
QSOrder_Grantham.Xr.W,73,1,True
QSOrder_Grantham.Xr.S,71,1,True
QSOrder_Grantham.Xr.K,67,1,True
QSOrder_Grantham.Xr.L,66,1,True
QSOrder_Grantham.Xr.G,63,1,True
QSOrder_Grantham.Xr.E,62,1,True
QSOrder_Grantham.Xr.N,58,1,True
PAAC_Xc1.L,131,1,True
QSOrder_Schneider.Xr.V,55,1,True
CKSAAP_VN.gap0,941,1,True
PAAC_Xc2.lambda3,143,1,True
CKSAAP_GG.gap0,695,1,True
CKSAAP_GS.gap0,705,1,True
CKSAAP_HD.gap0,712,1,True
DPC_CI,2412,1,True
DPC_CC,2406,1,True
CKSAAP_IR.gap0,744,1,True
DPC_AY,2404,1,True
CTriad_g2.g1.g3,219,1,True
DPC_AW,2403,1,True
DPC_EW,2463,1,True
DPC_FA,2465,1,True
DPC_AS,2400,1,True
DPC_FD,2467,1,True
CKSAAP_FA.gap0,670,1,True
DPC_FF,2469,1,True
CKSAAP_LF.gap0,774,1,True
DPC_FY,2484,1,True
DPC_GC,2486,1,True
CTriad_g3.g4.g1,287,1,True
CKSAAP_CC.gap0,611,1,True
CKSAAP_AH.gap0,596,1,True
PAAC_Xc1.V,140,1,True
QSOrder_Schneider.Xr.T,52,1,True
DPC_DA,2425,1,True
AAC_L,25,1,True
QSOrder_Schneider.Xr.E,42,1,True
QSOrder_Schneider.Xr.Q,41,1,True
QSOrder_Schneider.Xr.C,40,1,True
QSOrder_Schneider.Xr.D,39,1,True
QSOrder_Schneider.Xr.N,38,1,True
QSOrder_Schneider.Xr.I,45,1,True
G5,15,1,True
AAC_C,17,1,True
REMAINF,7,1,True
QSOrder_Schneider.Xr.L,46,1,True
AAC_T,32,1,True
CKSAAP_QV.gap3,2067,1,True
AAC_K,24,1,True
MEXTC_1,8,1,True
QSOrder_Schneider.Xr.M,48,1,True
CTriad_g5.g4.g6,390,1,True
AAC_A,16,1,True
CTDD_hydrophobicity_ENGD860101.3.residue25,2276,1,True
CKSAAP_FH.gap3,1876,2,False
QSOrder_Schneider.Xr.G,43,2,False
CKSAAP_IW.gap0,748,2,False
CKSAAP_GC.gap0,691,2,False
QSOrder_Grantham.Xr.Q,61,2,False
QSOrder_Grantham.Xr.D,59,2,False
CKSAAP_HG.gap0,715,2,False
PAAC_Xc1.K,132,2,False
CKSAAP_CK.gap0,618,2,False
DPC_CE,2408,2,False
DPC_FG,2470,3,False
CKSAAP_YK.gap3,2178,3,False
DPC_AM,2395,3,False
CKSAAP_QV.gap2,1667,3,False
CKSAAP_IS.gap0,745,3,False
AAC_G,21,3,False
CKSAAP_TA.gap2,1710,3,False
DPC_DT,2441,3,False
CTriad_g2.g1.g2,218,3,False
CKSAAP_AK.gap0,598,3,False
QSOrder_Schneider.Xr.F,49,4,False
CKSAAP_GW.gap0,708,4,False
PAAC_Xc1.M,133,4,False
AAC_P,28,4,False
PAAC_Xc1.E,127,4,False
G1,11,4,False
DPC_GE,2488,4,False
CKSAAP_AG.gap0,595,4,False
QSOrder_Schneider.Xr.K,47,4,False
PAAC_Xc2.lambda2,142,4,False
CKSAAP_YN.gap0,981,5,False
DPC_GH,2491,5,False
CKSAAP_IV.gap2,1547,5,False
QSOrder_Grantham.Xr.H,64,5,False
CKSAAP_LG.gap0,775,5,False
CKSAAP_YH.gap1,1376,5,False
Moran_BHAR880101.lag3,583,5,False
CTriad_g1.g6.g3,205,5,False
CKSAAP_KA.gap2,1550,5,False
CKSAAP_CM.gap2,1420,5,False
DPC_EQ,2458,6,False
CTriad_g6.g5.g4,444,6,False
CTDC_polarity.G1,106,6,False
Moran_ARGP820103.lag2,570,6,False
DPC_GF,2489,6,False
PAAC_Xc1.Y,139,6,False
QSOrder_Grantham.Xd.3,81,6,False
PAAC_Xc1.D,124,6,False
DPC_ES,2460,6,False
DPC_CA,2405,6,False
DPC_CL,2414,7,False
CKSAAP_CN.gap0,621,7,False
CKSAAP_RA.gap1,1270,7,False
CKSAAP_LT.gap0,786,7,False
CKSAAP_AC.gap0,591,7,False
CKSAAP_FP.gap1,1082,7,False
AC_ARGP820103.lag2,154,7,False
QSOrder_Schneider.Xr.A,36,7,False
CKSAAP_SY.gap1,1309,7,False
CKSAAP_YS.gap1,1385,7,False
CKSAAP_YP.gap1,1382,8,False
PAAC_Xc1.S,136,8,False
DPC_VD,2727,8,False
AC_ARGP820103.lag1,153,8,False
QSOrder_Schneider.Xr.R,37,8,False
DPC_EP,2457,8,False
CKSAAP_DQ.gap0,643,8,False
CKSAAP_MV.gap1,1207,8,False
CKSAAP_GH.gap0,696,8,False
CTDD_polarizability.2.residue75,2333,8,False
CKSAAP_AI.gap0,597,9,False
CKSAAP_FP.gap2,1482,9,False
AAC_R,30,9,False
CKSAAP_LP.gap0,782,9,False
CKSAAP_AA.gap0,590,9,False
CTDC_secondarystruct.G2,116,9,False
CKSAAP_DM.gap0,640,9,False
PAAC_Xc1.F,134,9,False
AAC_F,20,9,False
DPC_GD,2487,9,False
CKSAAP_HT.gap0,726,10,False
CKSAAP_QK.gap0,858,10,False
CKSAAP_IY.gap2,1549,10,False
CKSAAP_IH.gap0,736,10,False
CKSAAP_PM.gap1,1240,10,False
CTriad_g3.g6.g2,302,10,False
QSOrder_Grantham.Xr.C,60,10,False
CKSAAP_YE.gap1,1373,10,False
CTDD_hydrophobicity_FASG890101.1.residue0,2280,10,False
CKSAAP_WP.gap0,962,10,False
CKSAAP_YM.gap0,980,11,False
CTriad_g7.g7.g1,504,11,False
CKSAAP_EA.gap3,1850,11,False
DPC_DV,2442,11,False
CKSAAP_TA.gap3,2110,11,False
CTDC_normwaalsvolume.G2,104,11,False
CKSAAP_MV.gap2,1607,11,False
CKSAAP_LM.gap2,1580,11,False
DPC_EV,2462,11,False
DPC_CG,2410,11,False
CTriad_g5.g4.g4,388,12,False
PAAC_Xc1.R,122,12,False
CKSAAP_AE.gap0,593,12,False
CTriad_g5.g2.g6,376,12,False
CTriad_g3.g3.g6,285,12,False
QSOrder_Grantham.Xr.T,72,12,False
CKSAAP_DH.gap3,1836,12,False
CTDC_hydrophobicity_ENGD860101.G2,98,12,False
CKSAAP_VM.gap0,940,12,False
SOCNumber_gGrantham.lag2,588,12,False
DPC_FI,2472,13,False
CTriad_g4.g4.g3,338,13,False
CKSAAP_HC.gap0,711,13,False
CKSAAP_CG.gap0,615,13,False
CKSAAP_FC.gap0,671,13,False
CKSAAP_DK.gap1,1038,13,False
CKSAAP_GA.gap3,1890,13,False
DPC_DY,2444,13,False
CKSAAP_KD.gap0,752,13,False
Moran_BHAR880101.lag2,582,13,False
CKSAAP_VE.gap1,1333,14,False
DPC_DS,2440,14,False
CTDC_hydrophobicity_ARGP820101.G2,86,14,False
CTriad_g1.g6.g6,208,14,False
CKSAAP_VG.gap2,1735,14,False
CKSAAP_IE.gap3,1933,14,False
CKSAAP_GA.gap1,1090,14,False
CKSAAP_IV.gap1,1147,14,False
AAC_D,18,14,False
QSOrder_Grantham.Xr.M,68,14,False
GAAC_aromatic,532,15,False
CKSAAP_EF.gap0,654,15,False
HELIXF,4,15,False
QSOrder_Schneider.Xr.S,51,15,False
DPC_FS,2480,15,False
CTDC_polarity.G3,108,15,False
CKSAAP_CM.gap0,620,15,False
CKSAAP_QK.gap1,1258,15,False
CKSAAP_VW.gap1,1348,15,False
TURNF,5,15,False
DPC_ED,2447,16,False
CKSAAP_IK.gap3,1938,16,False
DP_V,528,16,False
CTriad_g4.g2.g7,328,16,False
CTDD_charge.2.residue50,2347,16,False
CTDD_polarity.3.residue0,2320,16,False
CKSAAP_CD.gap0,612,16,False
CKSAAP_MP.gap3,2002,16,False
DPC_DF,2429,16,False
CKSAAP_HP.gap0,722,16,False
CKSAAP_GK.gap0,698,17,False
CKSAAP_QD.gap1,1252,17,False
DPC_EL,2454,17,False
CKSAAP_PM.gap0,840,17,False
CTriad_g5.g5.g3,394,17,False
CKSAAP_MK.gap0,798,17,False
DPC_AG,2390,17,False
CKSAAP_AD.gap2,1392,17,False
CKSAAP_IM.gap0,740,17,False
CKSAAP_PM.gap2,1640,17,False
DPC_EC,2446,18,False
CKSAAP_HI.gap0,717,18,False
CKSAAP_TA.gap0,910,18,False
CKSAAP_QE.gap1,1253,18,False
CKSAAP_QE.gap3,2053,18,False
PAAC_Xc1.A,121,18,False
CTDC_hydrophobicity_ARGP820101.G3,87,18,False
CKSAAP_YH.gap2,1776,18,False
PAAC_Xc2.lambda1,141,18,False
CTriad_g3.g7.g1,308,18,False
CKSAAP_VR.gap1,1344,19,False
QSOrder_Grantham.Xr.F,69,19,False
DPC_FT,2481,19,False
CKSAAP_WR.gap1,1364,19,False
CTriad_g1.g5.g7,202,19,False
CTriad_g5.g7.g3,408,19,False
GRAVY,9,19,False
QSOrder_Grantham.Xd.2,80,19,False
CTriad_g4.g4.g2,337,19,False
CTriad_g2.g5.g4,248,19,False
CKSAAP_EK.gap0,658,20,False
CKSAAP_WN.gap2,1761,20,False
CKSAAP_VG.gap3,2135,20,False
CTriad_g3.g4.g2,288,20,False
CTriad_g5.g2.g2,372,20,False
CKSAAP_PN.gap2,1641,20,False
CKSAAP_VV.gap1,1347,20,False
CKSAAP_ED.gap2,1452,20,False
CKSAAP_VH.gap1,1336,20,False
CKSAAP_GN.gap1,1101,20,False
Moran_BEGF750103.lag3,580,21,False
CTDC_hydrophobicity_ZIMJ680101.G1,88,21,False
CKSAAP_IH.gap2,1536,21,False
CKSAAP_LR.gap1,1184,21,False
CTDD_solventaccess.2.residue25,2376,21,False
CKSAAP_IK.gap0,738,21,False
QSOrder_Grantham.Xr.A,56,21,False
CKSAAP_GQ.gap0,703,21,False
CTriad_g4.g6.g7,356,21,False
CKSAAP_LL.gap0,779,21,False
CKSAAP_QV.gap0,867,22,False
CKSAAP_EK.gap2,1458,22,False
CKSAAP_CS.gap0,625,22,False
CTriad_g6.g6.g5,452,22,False
CKSAAP_SS.gap3,2105,22,False
AAC_M,26,22,False
CKSAAP_VK.gap0,938,22,False
CKSAAP_DD.gap3,1832,22,False
CKSAAP_YK.gap2,1778,22,False
QSOrder_Grantham.Xr.I,65,22,False
CKSAAP_CM.gap3,1820,23,False
DPC_FH,2471,23,False
CTDD_hydrophobicity_PRAM900101.3.residue100,2204,23,False
AAC_V,33,23,False
CKSAAP_SP.gap2,1702,23,False
CTDD_polarity.2.residue75,2318,23,False
CTDD_polarizability.3.residue0,2335,23,False
DPC_AT,2401,23,False
CKSAAP_MM.gap3,2000,23,False
DPC_EM,2455,23,False
AROM,2,24,False
G3,13,24,False
CKSAAP_IM.gap3,1940,24,False
CKSAAP_HQ.gap0,723,24,False
CKSAAP_RD.gap3,2072,24,False
CKSAAP_QM.gap2,1660,24,False
DPC_VV,2742,24,False
CKSAAP_YF.gap1,1374,24,False
CKSAAP_YE.gap3,2173,24,False
CKSAAP_EG.gap0,655,24,False
CKSAAP_YA.gap1,1370,25,False
CKSAAP_TD.gap2,1712,25,False
AC_ANDN920101.lag1,144,25,False
CKSAAP_YA.gap3,2170,25,False
CKSAAP_IA.gap3,1930,25,False
CTriad_g7.g4.g3,485,25,False
QSOrder_Grantham.Xd.1,79,25,False
CKSAAP_PH.gap3,2036,25,False
CTDC_hydrophobicity_ZIMJ680101.G2,89,25,False
CTriad_g2.g7.g1,259,25,False
QSOrder_Schneider.Xd.2,77,26,False
CKSAAP_SM.gap3,2100,26,False
CKSAAP_MS.gap3,2005,26,False
DPC_HR,2519,26,False
CTDD_hydrophobicity_PONP930101.1.residue25,2236,26,False
CTDD_hydrophobicity_PRAM900101.1.residue50,2192,26,False
CKSAAP_YH.gap3,2176,26,False
DPC_EH,2451,26,False
CKSAAP_GD.gap1,1092,26,False
CKSAAP_QP.gap2,1662,26,False
CKSAAP_AA.gap1,990,27,False
CKSAAP_YP.gap2,1782,27,False
CKSAAP_DK.gap0,638,27,False
CTriad_g6.g7.g3,457,27,False
QSOrder_Schneider.Xr.Y,54,27,False
CKSAAP_DT.gap0,646,27,False
CKSAAP_VK.gap3,2138,27,False
CKSAAP_II.gap0,737,27,False
CKSAAP_AG.gap2,1395,27,False
CKSAAP_MA.gap3,1990,27,False
CTriad_g7.g2.g2,470,28,False
CKSAAP_MP.gap1,1202,28,False
CTriad_g7.g5.g3,492,28,False
CKSAAP_VK.gap2,1738,28,False
QSOrder_Grantham.Xr.R,57,28,False
CKSAAP_WM.gap1,1360,28,False
CKSAAP_SH.gap1,1296,28,False
CTDC_hydrophobicity_PRAM900101.G3,84,28,False
CTDC_normwaalsvolume.G3,105,28,False
CKSAAP_SP.gap3,2102,28,False
DPC_FW,2483,29,False
CKSAAP_FK.gap3,1878,29,False
CKSAAP_WP.gap3,2162,29,False
CKSAAP_PM.gap3,2040,29,False
CKSAAP_VG.gap1,1335,29,False
DPC_IE,2528,29,False
CKSAAP_YT.gap1,1386,29,False
CKSAAP_MK.gap1,1198,29,False
CTriad_g7.g3.g7,482,29,False
CKSAAP_WD.gap2,1752,29,False
SHEETF,6,30,False
CTriad_g7.g2.g6,474,30,False
CKSAAP_VN.gap3,2141,30,False
DPC_CM,2415,30,False
CKSAAP_NA.gap1,1210,30,False
CKSAAP_MK.gap2,1598,30,False
CKSAAP_FM.gap3,1880,30,False
CKSAAP_IW.gap2,1548,30,False
CKSAAP_VG.gap0,935,30,False
DPC_EN,2456,30,False
CKSAAP_FV.gap3,1887,31,False
CKSAAP_WN.gap3,2161,31,False
DPC_SL,2694,31,False
CKSAAP_GM.gap2,1500,31,False
CKSAAP_FH.gap2,1476,31,False
DPC_GW,2503,31,False
CKSAAP_WH.gap1,1356,31,False
CKSAAP_FG.gap0,675,31,False
Moran_BEGF750103.lag1,578,31,False
CKSAAP_AH.gap1,996,31,False
CKSAAP_EK.gap1,1058,32,False
CKSAAP_DW.gap1,1048,32,False
DPC_FV,2482,32,False
Moran_BEGF750102.lag2,576,32,False
CTDC_hydrophobicity_FASG890101.G1,100,32,False
CTDC_hydrophobicity_CASG920101.G2,95,32,False
CKSAAP_FH.gap0,676,32,False
CKSAAP_ED.gap0,652,32,False
CTriad_g3.g7.g5,312,32,False
CKSAAP_LM.gap0,780,32,False
CKSAAP_QD.gap2,1652,33,False
CTriad_g7.g2.g7,475,33,False
CKSAAP_CQ.gap3,1823,33,False
CKSAAP_VN.gap1,1341,33,False
DPC_WH,2751,33,False
CKSAAP_GW.gap3,1908,33,False
CKSAAP_AV.gap3,1807,33,False
CKSAAP_FH.gap1,1076,33,False
CKSAAP_FY.gap1,1089,33,False
CTDD_charge.1.residue25,2341,33,False
DPC_AI,2392,34,False
CTriad_g5.g1.g4,367,34,False
CKSAAP_WD.gap3,2152,34,False
CKSAAP_PY.gap2,1649,34,False
CTDC_polarizability.G2,110,34,False
CKSAAP_RA.gap3,2070,34,False
DPC_RR,2679,34,False
PAAC_Xc1.I,130,34,False
CKSAAP_HS.gap0,725,34,False
CKSAAP_QT.gap0,866,34,False
CKSAAP_MH.gap2,1596,35,False
CKSAAP_AP.gap0,602,35,False
CKSAAP_QK.gap3,2058,35,False
CKSAAP_IN.gap0,741,35,False
CKSAAP_FV.gap0,687,35,False
CKSAAP_EE.gap1,1053,35,False
CKSAAP_WV.gap0,967,35,False
CKSAAP_YS.gap3,2185,35,False
CKSAAP_WH.gap2,1756,35,False
QSOrder_Grantham.Xr.P,70,35,False
CKSAAP_HE.gap0,713,36,False
CKSAAP_GI.gap0,697,36,False
CKSAAP_ND.gap1,1212,36,False
CKSAAP_LM.gap3,1980,36,False
CTDD_hydrophobicity_PONP930101.2.residue50,2242,36,False
CTriad_g2.g7.g6,264,36,False
CKSAAP_GD.gap2,1492,36,False
CKSAAP_NA.gap2,1610,36,False
CKSAAP_YV.gap3,2187,36,False
CKSAAP_VM.gap1,1340,36,False
CKSAAP_EM.gap2,1460,37,False
PAAC_Xc1.P,135,37,False
CKSAAP_HM.gap0,720,37,False
CKSAAP_AW.gap0,608,37,False
CTDD_hydrophobicity_ZIMJ680101.1.residue0,2220,37,False
CKSAAP_WH.gap3,2156,37,False
CTDC_solventaccess.G2,119,37,False
GAAC_postivecharge,533,37,False
CKSAAP_FP.gap3,1882,37,False
CKSAAP_EN.gap2,1461,37,False
CKSAAP_VE.gap3,2133,38,False
DPC_EK,2453,38,False
CKSAAP_PN.gap3,2041,38,False
CKSAAP_GM.gap3,1900,38,False
DPC_YP,2777,38,False
DPC_PY,2644,38,False
AC_BEGF750102.lag1,159,38,False
CTriad_g3.g5.g4,297,38,False
CTDC_secondarystruct.G3,117,38,False
Geary_BEGF750103.lag3,556,38,False
CKSAAP_VP.gap0,942,39,False
CKSAAP_RN.gap0,881,39,False
CKSAAP_SL.gap2,1699,39,False
CKSAAP_CN.gap2,1421,39,False
CKSAAP_QK.gap2,1658,39,False
DPC_AQ,2398,39,False
CKSAAP_LV.gap3,1987,39,False
CKSAAP_LV.gap2,1587,39,False
CKSAAP_YI.gap0,977,39,False
PAAC_Xc1.T,137,39,False
AAC_S,31,40,False
CKSAAP_SW.gap1,1308,40,False
CKSAAP_FN.gap0,681,40,False
CKSAAP_YK.gap0,978,40,False
CTDD_normwaalsvolume.3.residue0,2305,40,False
CKSAAP_GY.gap0,709,40,False
CTriad_g2.g1.g5,221,40,False
CKSAAP_QQ.gap3,2063,40,False
CKSAAP_VI.gap3,2137,40,False
CKSAAP_MT.gap0,806,40,False
CKSAAP_DI.gap0,637,41,False
CTDC_hydrophobicity_PRAM900101.G1,82,41,False
CKSAAP_FK.gap2,1478,41,False
CKSAAP_WD.gap0,952,41,False
CKSAAP_HN.gap0,721,41,False
CKSAAP_QP.gap1,1262,41,False
CTriad_g4.g5.g5,347,41,False
CTriad_g7.g6.g5,501,41,False
DPC_LH,2571,41,False
CKSAAP_WQ.gap2,1763,41,False
CKSAAP_SH.gap2,1696,42,False
CKSAAP_VQ.gap3,2143,42,False
CKSAAP_CH.gap1,1016,42,False
CKSAAP_DE.gap0,633,42,False
CKSAAP_GW.gap1,1108,42,False
CTDD_polarizability.3.residue75,2338,42,False
CTDD_polarizability.2.residue0,2330,42,False
DPC_LD,2567,42,False
CTDD_hydrophobicity_PONP930101.3.residue50,2247,42,False
DPC_ET,2461,42,False
DPC_KE,2548,43,False
CKSAAP_HN.gap1,1121,43,False
CKSAAP_YV.gap1,1387,43,False
CTriad_g3.g7.g3,310,43,False
CKSAAP_IK.gap2,1538,43,False
CKSAAP_QS.gap0,865,43,False
CKSAAP_IS.gap3,1945,43,False
CKSAAP_GH.gap2,1496,43,False
DPC_KA,2545,43,False
DPC_DG,2430,43,False
DPC_EY,2464,44,False
CKSAAP_HT.gap3,1926,44,False
CKSAAP_IG.gap1,1135,44,False
PAAC_Xc1.G,128,44,False
CKSAAP_ST.gap0,906,44,False
CKSAAP_VK.gap1,1338,44,False
CKSAAP_SE.gap2,1693,44,False
CTriad_g4.g7.g5,361,44,False
CKSAAP_HM.gap1,1120,44,False
CKSAAP_RD.gap1,1272,44,False
CKSAAP_YG.gap3,2175,45,False
AAC_N,27,45,False
CKSAAP_MY.gap0,809,45,False
CTriad_g2.g6.g6,257,45,False
CKSAAP_LV.gap0,787,45,False
DPC_FE,2468,45,False
CKSAAP_QE.gap2,1653,45,False
DPC_DM,2435,45,False
CKSAAP_DG.gap0,635,45,False
CKSAAP_PR.gap1,1244,45,False
CKSAAP_KD.gap2,1552,46,False
CKSAAP_IA.gap2,1530,46,False
CKSAAP_FS.gap2,1485,46,False
CKSAAP_QM.gap1,1260,46,False
CTDD_solventaccess.1.residue75,2373,46,False
QSOrder_Schneider.Xr.W,53,46,False
DPC_FK,2473,46,False
CKSAAP_TA.gap1,1310,46,False
CKSAAP_QN.gap3,2061,46,False
DPC_YH,2771,46,False
CTDD_hydrophobicity_FASG890101.1.residue50,2282,47,False
CKSAAP_LL.gap2,1579,47,False
CKSAAP_WK.gap3,2158,47,False
CKSAAP_FA.gap3,1870,47,False
CKSAAP_IH.gap1,1136,47,False
CKSAAP_QP.gap0,862,47,False
CKSAAP_CH.gap2,1416,47,False
CKSAAP_PN.gap1,1241,47,False
CKSAAP_FA.gap2,1470,47,False
CKSAAP_MP.gap0,802,47,False
SOCNumber_gGrantham.lag3,589,48,False
DPC_PD,2627,48,False
CTriad_g3.g4.g7,293,48,False
CKSAAP_GP.gap0,702,48,False
CTriad_g5.g5.g7,398,48,False
CKSAAP_WW.gap1,1368,48,False
DPC_EI,2452,48,False
CKSAAP_WK.gap1,1358,48,False
CKSAAP_YP.gap3,2182,48,False
CKSAAP_GT.gap0,706,48,False
DPC_YN,2776,49,False
DPC_DW,2443,49,False
DPC_HQ,2518,49,False
CKSAAP_HH.gap1,1116,49,False
CKSAAP_SS.gap1,1305,49,False
Geary_BEGF750101.lag3,550,49,False
CTriad_g6.g3.g7,433,49,False
CKSAAP_FD.gap0,672,49,False
CKSAAP_WN.gap1,1361,49,False
CTriad_g2.g6.g1,252,49,False
DP_Y,530,50,False
CKSAAP_DH.gap0,636,50,False
CKSAAP_FV.gap2,1487,50,False
CKSAAP_DT.gap2,1446,50,False
DPC_KD,2547,50,False
Moran_BEGF750102.lag1,575,50,False
DPC_EF,2449,50,False
CKSAAP_IP.gap3,1942,50,False
CTriad_g7.g4.g2,484,50,False
CKSAAP_IL.gap0,739,50,False
CKSAAP_GA.gap2,1490,51,False
CKSAAP_QN.gap2,1661,51,False
CKSAAP_QG.gap0,855,51,False
CTDD_solventaccess.2.residue0,2375,51,False
CKSAAP_VS.gap3,2145,51,False
CKSAAP_LE.gap2,1573,51,False
CTriad_g1.g7.g3,212,51,False
CTDD_charge.1.residue0,2340,51,False
CKSAAP_LG.gap1,1175,51,False
CKSAAP_SY.gap3,2109,51,False
CKSAAP_LR.gap0,784,52,False
CKSAAP_WY.gap3,2169,52,False
CKSAAP_SY.gap2,1709,52,False
CTriad_g3.g7.g2,309,52,False
DPC_KG,2550,52,False
CKSAAP_ME.gap1,1193,52,False
CKSAAP_GK.gap1,1098,52,False
CKSAAP_MT.gap1,1206,52,False
CKSAAP_FS.gap3,1885,52,False
CKSAAP_ME.gap3,1993,52,False
DPC_HE,2508,53,False
CKSAAP_CE.gap0,613,53,False
CKSAAP_HH.gap2,1516,53,False
CKSAAP_RA.gap2,1670,53,False
CTDD_charge.3.residue0,2350,53,False
DPC_YF,2769,53,False
CKSAAP_YE.gap0,973,53,False
CTDC_charge.G2,113,53,False
CKSAAP_IK.gap1,1138,53,False
CKSAAP_SV.gap2,1707,53,False
CKSAAP_NC.gap0,811,54,False
CKSAAP_DV.gap0,647,54,False
CKSAAP_FT.gap0,686,54,False
CKSAAP_PG.gap2,1635,54,False
CKSAAP_MN.gap3,2001,54,False
CKSAAP_QM.gap3,2060,54,False
CTriad_g6.g3.g4,430,54,False
CTriad_g4.g6.g5,354,54,False
CKSAAP_WK.gap2,1758,54,False
CKSAAP_FE.gap3,1873,54,False
CKSAAP_WV.gap1,1367,55,False
CTriad_g2.g7.g3,261,55,False
CTDD_normwaalsvolume.2.residue25,2301,55,False
DPC_EE,2448,55,False
Moran_ARGP820103.lag3,571,55,False
CKSAAP_QP.gap3,2062,55,False
CKSAAP_HD.gap2,1512,55,False
CKSAAP_EE.gap0,653,55,False
CKSAAP_DA.gap3,1830,55,False
DPC_FC,2466,55,False
CKSAAP_LK.gap2,1578,56,False
CKSAAP_CL.gap0,619,56,False
CKSAAP_DK.gap3,1838,56,False
CKSAAP_DE.gap2,1433,56,False
CKSAAP_HQ.gap2,1523,56,False
CKSAAP_IT.gap3,1946,56,False
DPC_DQ,2438,56,False
NMBroto_BEGF750102.lag2,2826,56,False
CKSAAP_SN.gap1,1301,56,False
DPC_DR,2439,56,False
CKSAAP_KW.gap0,768,57,False
CKSAAP_NC.gap1,1211,57,False
CKSAAP_YE.gap2,1773,57,False
CKSAAP_DR.gap0,644,57,False
CKSAAP_WE.gap1,1353,57,False
CKSAAP_WT.gap0,966,57,False
DPC_WA,2745,57,False
CTriad_g3.g6.g5,305,57,False
CTDD_hydrophobicity_FASG890101.2.residue0,2285,57,False
AC_BEGF750103.lag3,164,57,False
CKSAAP_GV.gap0,707,58,False
CKSAAP_LP.gap3,1982,58,False
DPC_WE,2748,58,False
CKSAAP_WG.gap0,955,58,False
CKSAAP_LE.gap0,773,58,False
DPC_FM,2475,58,False
DPC_GP,2497,58,False
CKSAAP_MY.gap2,1609,58,False
CKSAAP_DG.gap1,1035,58,False
CKSAAP_DP.gap2,1442,58,False
CTDC_hydrophobicity_FASG890101.G3,102,59,False
DPC_HP,2517,59,False
CTriad_g5.g6.g4,402,59,False
CKSAAP_FM.gap2,1480,59,False
CKSAAP_WI.gap3,2157,59,False
CTDD_hydrophobicity_ZIMJ680101.3.residue0,2230,59,False
CKSAAP_QN.gap1,1261,59,False
CKSAAP_VV.gap2,1747,59,False
DPC_MP,2597,59,False
CTDD_hydrophobicity_ENGD860101.1.residue100,2269,59,False
CKSAAP_VW.gap3,2148,60,False
CKSAAP_QQ.gap1,1263,60,False
CKSAAP_SK.gap0,898,60,False
CKSAAP_AD.gap3,1792,60,False
DPC_LE,2568,60,False
CTDD_polarity.3.residue25,2321,60,False
CKSAAP_GV.gap3,1907,60,False
DPC_TL,2714,60,False
CKSAAP_QS.gap3,2065,60,False
CKSAAP_LS.gap2,1585,60,False
CTriad_g1.g3.g4,185,61,False
CTriad_g6.g4.g1,434,61,False
DPC_DI,2432,61,False
DPC_DL,2434,61,False
CKSAAP_EE.gap3,1853,61,False
CKSAAP_SW.gap0,908,61,False
CKSAAP_FT.gap3,1886,61,False
CKSAAP_DE.gap1,1033,61,False
CKSAAP_CH.gap0,616,61,False
CTriad_g7.g6.g4,500,61,False
CKSAAP_WR.gap0,964,62,False
CKSAAP_QT.gap1,1266,62,False
Moran_ANDN920101.lag3,562,62,False
CTriad_g6.g2.g2,421,62,False
CKSAAP_GE.gap2,1493,62,False
Moran_BEGF750101.lag2,573,62,False
AAC_E,19,62,False
CKSAAP_AT.gap0,606,62,False
CKSAAP_LS.gap0,785,62,False
DPC_AE,2388,62,False
CKSAAP_GW.gap2,1508,63,False
DPC_QP,2657,63,False
DPC_HI,2512,63,False
CKSAAP_GN.gap0,701,63,False
DPC_QL,2654,63,False
CKSAAP_QA.gap2,1650,63,False
CKSAAP_SP.gap0,902,63,False
DPC_WV,2762,63,False
CKSAAP_GP.gap3,1902,63,False
CKSAAP_WG.gap2,1755,63,False
Geary_ARGP820101.lag2,540,64,False
DPC_TT,2721,64,False
CTriad_g4.g3.g6,334,64,False
CKSAAP_QT.gap3,2066,64,False
DPC_DD,2427,64,False
CKSAAP_YV.gap2,1787,64,False
DPC_LK,2573,64,False
CKSAAP_PH.gap0,836,64,False
DPC_FN,2476,64,False
DPC_ER,2459,64,False
CKSAAP_SM.gap1,1300,65,False
CKSAAP_VP.gap3,2142,65,False
CKSAAP_WM.gap2,1760,65,False
CTriad_g6.g3.g3,429,65,False
AC_BEGF750103.lag1,162,65,False
CTDD_normwaalsvolume.2.residue0,2300,65,False
CKSAAP_SE.gap3,2093,65,False
CKSAAP_VM.gap2,1740,65,False
CTDD_hydrophobicity_FASG890101.3.residue0,2290,65,False
CKSAAP_PV.gap1,1247,65,False
CKSAAP_LY.gap0,789,66,False
CTDD_hydrophobicity_CASG920101.1.residue0,2250,66,False
CTDD_hydrophobicity_PRAM900101.1.residue0,2190,66,False
CKSAAP_PP.gap0,842,66,False
CTriad_g7.g5.g6,495,66,False
CKSAAP_NA.gap3,2010,66,False
CKSAAP_IG.gap3,1935,66,False
CKSAAP_HH.gap0,716,66,False
ENTROPY,10,66,False
CKSAAP_VR.gap2,1744,66,False
CTDD_polarizability.2.residue50,2332,67,False
DPC_AL,2394,67,False
CKSAAP_AD.gap0,592,67,False
DPC_VY,2744,67,False
DPC_WF,2749,67,False
CKSAAP_YQ.gap2,1783,67,False
AAC_I,23,67,False
CKSAAP_YD.gap0,972,67,False
DPC_NC,2606,67,False
CKSAAP_HV.gap2,1527,67,False
CKSAAP_LE.gap1,1173,68,False
DPC_MQ,2598,68,False
CKSAAP_VQ.gap2,1743,68,False
CKSAAP_DR.gap2,1444,68,False
AC_ARGP820101.lag2,148,68,False
CKSAAP_IV.gap3,1947,68,False
CTDC_polarity.G2,107,68,False
Moran_ARGP820102.lag2,567,68,False
CKSAAP_QR.gap0,864,68,False
CKSAAP_YY.gap0,989,68,False
CKSAAP_DS.gap3,1845,69,False
CKSAAP_KD.gap3,1952,69,False
CKSAAP_EH.gap3,1856,69,False
CKSAAP_EA.gap2,1450,69,False
CKSAAP_CT.gap0,626,69,False
CKSAAP_YM.gap2,1780,69,False
CTDD_solventaccess.3.residue75,2383,69,False
CTriad_g1.g5.g2,197,69,False
DPC_GS,2500,69,False
CTriad_g4.g5.g2,344,69,False
CKSAAP_CQ.gap1,1023,70,False
CKSAAP_DN.gap0,641,70,False
CTriad_g5.g5.g1,392,70,False
CKSAAP_YS.gap2,1785,70,False
CTriad_g3.g7.g6,313,70,False
CKSAAP_DH.gap2,1436,70,False
CKSAAP_YD.gap2,1772,70,False
CKSAAP_LR.gap3,1984,70,False
CKSAAP_EP.gap2,1462,70,False
CKSAAP_GD.gap3,1892,70,False
CKSAAP_CD.gap2,1412,71,False
CKSAAP_QH.gap0,856,71,False
CTDD_polarizability.1.residue0,2325,71,False
Moran_ANDN920101.lag1,560,71,False
CKSAAP_FW.gap3,1888,71,False
CKSAAP_SM.gap2,1700,71,False
CTriad_g2.g1.g6,222,71,False
CTriad_g2.g2.g7,230,71,False
CKSAAP_TK.gap2,1718,71,False
DPC_EG,2450,71,False
CTriad_g5.g1.g7,370,72,False
CTDC_hydrophobicity_FASG890101.G2,101,72,False
CTDD_charge.2.residue0,2345,72,False
CTDD_charge.2.residue75,2348,72,False
DPC_VF,2729,72,False
CKSAAP_CE.gap3,1813,72,False
CKSAAP_RM.gap1,1280,72,False
CKSAAP_FG.gap3,1875,72,False
CKSAAP_MS.gap2,1605,72,False
CKSAAP_FI.gap3,1877,72,False
CTDD_hydrophobicity_CASG920101.2.residue25,2256,73,False
CKSAAP_IP.gap1,1142,73,False
CKSAAP_PE.gap3,2033,73,False
CKSAAP_ID.gap0,732,73,False
DPC_AN,2396,73,False
DPC_QM,2655,73,False
CKSAAP_VE.gap2,1733,73,False
CKSAAP_MV.gap3,2007,73,False
CKSAAP_AQ.gap2,1403,73,False
DPC_KT,2561,73,False
CKSAAP_AA.gap2,1390,74,False
CKSAAP_KA.gap0,750,74,False
CKSAAP_YY.gap1,1389,74,False
PAAC_Xc1.H,129,74,False
Geary_ARGP820101.lag3,541,74,False
CKSAAP_IY.gap3,1949,74,False
CKSAAP_WQ.gap0,963,74,False
CKSAAP_FS.gap0,685,74,False
CKSAAP_YT.gap0,986,74,False
CKSAAP_GR.gap1,1104,74,False
CTriad_g6.g4.g2,435,75,False
DPC_EA,2445,75,False
DPC_RF,2669,75,False
CTriad_g5.g6.g5,403,75,False
CTDD_solventaccess.3.residue100,2384,75,False
CTDC_hydrophobicity_PONP930101.G1,91,75,False
CKSAAP_QY.gap1,1269,75,False
CKSAAP_QA.gap3,2050,75,False
CKSAAP_MD.gap3,1992,75,False
CKSAAP_WS.gap1,1365,75,False
CKSAAP_HS.gap3,1925,76,False
CKSAAP_YW.gap0,988,76,False
CKSAAP_YF.gap3,2174,76,False
CKSAAP_HK.gap3,1918,76,False
Moran_ARGP820102.lag1,566,76,False
CTriad_g6.g4.g6,439,76,False
CTriad_g3.g1.g3,268,76,False
CKSAAP_DW.gap2,1448,76,False
CKSAAP_YN.gap2,1781,76,False
DPC_SP,2697,76,False
CKSAAP_DK.gap2,1438,77,False
CKSAAP_KA.gap3,1950,77,False
CTDD_hydrophobicity_ENGD860101.3.residue75,2278,77,False
CTDD_charge.1.residue50,2342,77,False
DPC_PK,2633,77,False
CKSAAP_TD.gap1,1312,77,False
DPC_SK,2693,77,False
CKSAAP_GN.gap2,1501,77,False
DPC_IF,2529,77,False
CKSAAP_LS.gap1,1185,77,False
CKSAAP_HV.gap0,727,78,False
CKSAAP_AN.gap2,1401,78,False
CTDD_polarity.1.residue75,2313,78,False
CKSAAP_GL.gap0,699,78,False
DPC_VG,2730,78,False
CKSAAP_VH.gap2,1736,78,False
CKSAAP_FP.gap0,682,78,False
DPC_WG,2750,78,False
CKSAAP_GR.gap3,1904,78,False
DPC_LP,2577,78,False
CKSAAP_HP.gap2,1522,79,False
CKSAAP_YM.gap3,2180,79,False
CKSAAP_TE.gap1,1313,79,False
Geary_BEGF750102.lag3,553,79,False
CKSAAP_MM.gap0,800,79,False
PAAC_Xc1.C,125,79,False
CKSAAP_DN.gap2,1441,79,False
CTDD_hydrophobicity_ARGP820101.3.residue25,2216,79,False
CKSAAP_EH.gap1,1056,79,False
DPC_TF,2709,79,False
Moran_ANDN920101.lag2,561,80,False
AAC_Q,29,80,False
CKSAAP_YV.gap0,987,80,False
CKSAAP_MP.gap2,1602,80,False
CTriad_g1.g6.g2,204,80,False
CKSAAP_DE.gap3,1833,80,False
CKSAAP_WP.gap1,1362,80,False
CKSAAP_IA.gap0,730,80,False
CKSAAP_SG.gap3,2095,80,False
CKSAAP_IP.gap2,1542,80,False
CKSAAP_ED.gap3,1852,81,False
CKSAAP_HE.gap1,1113,81,False
CKSAAP_QS.gap1,1265,81,False
CKSAAP_CS.gap1,1025,81,False
CKSAAP_CD.gap1,1012,81,False
CTDD_hydrophobicity_PONP930101.3.residue100,2249,81,False
CKSAAP_IH.gap3,1936,81,False
CKSAAP_QH.gap1,1256,81,False
CKSAAP_NN.gap0,821,81,False
CKSAAP_GP.gap2,1502,81,False
CTriad_g3.g2.g2,274,82,False
CKSAAP_GE.gap0,693,82,False
CKSAAP_DD.gap0,632,82,False
PAAC_Xc1.W,138,82,False
DPC_DP,2437,82,False
CKSAAP_QS.gap2,1665,82,False
CTDD_solventaccess.2.residue50,2377,82,False
CTDD_charge.3.residue75,2353,82,False
CTDD_solventaccess.2.residue75,2378,82,False
CKSAAP_MR.gap1,1204,82,False
DPC_VE,2728,83,False
CKSAAP_WW.gap3,2168,83,False
CKSAAP_RP.gap2,1682,83,False
CKSAAP_QY.gap3,2069,83,False
CKSAAP_PQ.gap1,1243,83,False
CKSAAP_LV.gap1,1187,83,False
CKSAAP_MN.gap1,1201,83,False
CTDD_solventaccess.3.residue0,2380,83,False
CTDC_charge.G3,114,83,False
CKSAAP_SA.gap0,890,83,False
DPC_HM,2515,84,False
DPC_AA,2385,84,False
CKSAAP_FM.gap0,680,84,False
DPC_KF,2549,84,False
CKSAAP_TK.gap0,918,84,False
CKSAAP_SP.gap1,1302,84,False
CKSAAP_GL.gap1,1099,84,False
DPC_GK,2493,84,False
CKSAAP_DD.gap1,1032,84,False
DPC_TC,2706,84,False
CKSAAP_AA.gap3,1790,85,False
CKSAAP_WE.gap2,1753,85,False
CKSAAP_QQ.gap2,1663,85,False
CKSAAP_IR.gap1,1144,85,False
CKSAAP_VR.gap3,2144,85,False
CKSAAP_LP.gap2,1582,85,False
CTriad_g7.g5.g4,493,85,False
DPC_HH,2511,85,False
CKSAAP_IE.gap2,1533,85,False
CTDD_hydrophobicity_CASG920101.3.residue50,2262,85,False
CKSAAP_LN.gap2,1581,86,False
CTDD_hydrophobicity_PONP930101.3.residue0,2245,86,False
CKSAAP_CW.gap0,628,86,False
CKSAAP_MW.gap2,1608,86,False
CTDD_normwaalsvolume.3.residue75,2308,86,False
CTDD_polarizability.1.residue100,2329,86,False
CKSAAP_YK.gap1,1378,86,False
CKSAAP_LA.gap0,770,86,False
CKSAAP_DM.gap2,1440,86,False
DPC_KY,2564,86,False
CKSAAP_YM.gap1,1380,87,False
Moran_BHAR880101.lag1,581,87,False
CKSAAP_PY.gap3,2049,87,False
SOCNumber_Schneider.lag1,584,87,False
CKSAAP_CF.gap3,1814,87,False
CKSAAP_VM.gap3,2140,87,False
CTDC_charge.G1,112,87,False
CKSAAP_RE.gap2,1673,87,False
CTDD_hydrophobicity_ZIMJ680101.3.residue75,2233,87,False
CTriad_g3.g5.g3,296,87,False
CTDD_hydrophobicity_ZIMJ680101.1.residue25,2221,88,False
DPC_NF,2609,88,False
CKSAAP_CN.gap3,1821,88,False
CKSAAP_EP.gap3,1862,88,False
CKSAAP_WV.gap3,2167,88,False
CKSAAP_YQ.gap3,2183,88,False
Moran_BEGF750101.lag1,572,88,False
DPC_WQ,2758,88,False
CKSAAP_CR.gap2,1424,88,False
DPC_VT,2741,88,False
Moran_ARGP820102.lag3,568,89,False
CKSAAP_EP.gap0,662,89,False
CTriad_g6.g6.g1,448,89,False
CKSAAP_LK.gap0,778,89,False
CKSAAP_WA.gap1,1350,89,False
CKSAAP_ST.gap3,2106,89,False
CTriad_g1.g3.g1,182,89,False
CKSAAP_GN.gap3,1901,89,False
CKSAAP_ND.gap3,2012,89,False
DPC_LW,2583,89,False
CKSAAP_FQ.gap2,1483,90,False
CKSAAP_QA.gap1,1250,90,False
CKSAAP_PG.gap0,835,90,False
DPC_CR,2419,90,False
CKSAAP_DY.gap3,1849,90,False
CKSAAP_YY.gap3,2189,90,False
CKSAAP_QE.gap0,853,90,False
CKSAAP_RG.gap3,2075,90,False
Geary_ARGP820103.lag2,546,90,False
CKSAAP_GK.gap3,1898,90,False
CKSAAP_KP.gap2,1562,91,False
CTDD_hydrophobicity_CASG920101.2.residue0,2255,91,False
CKSAAP_CG.gap2,1415,91,False
CKSAAP_GQ.gap3,1903,91,False
DPC_VW,2743,91,False
CKSAAP_PG.gap3,2035,91,False
DPC_TQ,2718,91,False
CKSAAP_CP.gap0,622,91,False
CKSAAP_QH.gap2,1656,91,False
DPC_MT,2601,91,False
CTriad_g2.g2.g4,227,92,False
CKSAAP_HH.gap3,1916,92,False
CTDD_hydrophobicity_FASG890101.2.residue50,2287,92,False
CKSAAP_AH.gap2,1396,92,False
DPC_AF,2389,92,False
CTriad_g4.g3.g7,335,92,False
CKSAAP_MN.gap2,1601,92,False
CKSAAP_LR.gap2,1584,92,False
CKSAAP_SR.gap3,2104,92,False
CKSAAP_VD.gap3,2132,92,False
CKSAAP_WI.gap1,1357,93,False
CKSAAP_CY.gap0,629,93,False
CKSAAP_WG.gap1,1355,93,False
CKSAAP_LD.gap0,772,93,False
CKSAAP_ME.gap0,793,93,False
CTDD_hydrophobicity_ENGD860101.2.residue75,2273,93,False
CTDD_hydrophobicity_FASG890101.3.residue50,2292,93,False
DPC_NG,2610,93,False
CTDD_hydrophobicity_PRAM900101.3.residue50,2202,93,False
AC_BEGF750101.lag1,156,93,False
CTriad_g6.g2.g6,425,94,False
CTDD_normwaalsvolume.1.residue75,2298,94,False
CKSAAP_FF.gap3,1874,94,False
CTDD_charge.2.residue100,2349,94,False
CKSAAP_AQ.gap0,603,94,False
CTriad_g3.g4.g5,291,94,False
DPC_HC,2506,94,False
CKSAAP_HS.gap1,1125,94,False
CKSAAP_MT.gap3,2006,94,False
CTriad_g2.g4.g4,241,94,False
CKSAAP_HK.gap0,718,95,False
DPC_SS,2700,95,False
CKSAAP_RD.gap2,1672,95,False
DPC_CH,2411,95,False
DP_E,514,95,False
CKSAAP_MK.gap3,1998,95,False
CKSAAP_MD.gap2,1592,95,False
CKSAAP_FE.gap2,1473,95,False
CKSAAP_PY.gap0,849,95,False
CKSAAP_ID.gap2,1532,95,False
CKSAAP_VP.gap1,1342,96,False
CKSAAP_GP.gap1,1102,96,False
CKSAAP_IG.gap0,735,96,False
CKSAAP_WA.gap2,1750,96,False
CKSAAP_TD.gap3,2112,96,False
CKSAAP_PH.gap2,1636,96,False
DPC_NE,2608,96,False
CTDD_hydrophobicity_ENGD860101.1.residue25,2266,96,False
CKSAAP_CE.gap2,1413,96,False
CKSAAP_VW.gap2,1748,96,False
DPC_WK,2753,97,False
CKSAAP_EE.gap2,1453,97,False
CKSAAP_EC.gap0,651,97,False
CTDD_hydrophobicity_FASG890101.3.residue75,2293,97,False
CKSAAP_EL.gap0,659,97,False
DPC_IM,2535,97,False
CKSAAP_VN.gap2,1741,97,False
CKSAAP_NK.gap0,818,97,False
CKSAAP_MG.gap3,1995,97,False
CKSAAP_LG.gap3,1975,97,False
CKSAAP_GQ.gap2,1503,98,False
CKSAAP_YN.gap1,1381,98,False
DPC_GA,2485,98,False
CKSAAP_AY.gap3,1809,98,False
CKSAAP_DL.gap0,639,98,False
CKSAAP_MH.gap3,1996,98,False
CTDD_solventaccess.3.residue50,2382,98,False
CKSAAP_FI.gap2,1477,98,False
CKSAAP_VH.gap3,2136,98,False
CKSAAP_MR.gap2,1604,98,False
CKSAAP_SS.gap2,1705,99,False
CKSAAP_HW.gap1,1128,99,False
CKSAAP_QG.gap2,1655,99,False
CKSAAP_HM.gap3,1920,99,False
CKSAAP_CP.gap2,1422,99,False
CTriad_g2.g5.g5,249,99,False
CKSAAP_EV.gap3,1867,99,False
CKSAAP_PE.gap2,1633,99,False
CKSAAP_PP.gap1,1242,99,False
CKSAAP_CQ.gap2,1423,99,False
CKSAAP_RK.gap3,2078,100,False
CTDD_hydrophobicity_PONP930101.2.residue0,2240,100,False
CKSAAP_WS.gap2,1765,100,False
DPC_HG,2510,100,False
DPC_TW,2723,100,False
CKSAAP_DS.gap2,1445,100,False
DPC_TK,2713,100,False
CKSAAP_ME.gap2,1593,100,False
CKSAAP_SI.gap2,1697,100,False
CKSAAP_YN.gap3,2181,100,False
DPC_SR,2699,101,False
CKSAAP_GF.gap0,694,101,False
CKSAAP_DY.gap0,649,101,False
CKSAAP_LN.gap0,781,101,False
DPC_NI,2612,101,False
CTDC_hydrophobicity_ARGP820101.G1,85,101,False
CKSAAP_MM.gap2,1600,101,False
CKSAAP_DP.gap0,642,101,False
CTDD_hydrophobicity_PONP930101.2.residue100,2244,101,False
CKSAAP_HN.gap2,1521,101,False
AC_ARGP820101.lag1,147,102,False
CKSAAP_TS.gap0,925,102,False
CKSAAP_AR.gap3,1804,102,False
CKSAAP_IN.gap2,1541,102,False
CKSAAP_ED.gap1,1052,102,False
CKSAAP_FK.gap0,678,102,False
DPC_SW,2703,102,False
DPC_LT,2581,102,False
CKSAAP_ML.gap3,1999,102,False
CKSAAP_PN.gap0,841,102,False
CKSAAP_HM.gap2,1520,103,False
CKSAAP_PW.gap3,2048,103,False
CTDD_polarity.2.residue25,2316,103,False
CTDD_hydrophobicity_FASG890101.2.residue25,2286,103,False
CKSAAP_VV.gap3,2147,103,False
DPC_KM,2555,103,False
CKSAAP_LH.gap2,1576,103,False
DPC_NS,2620,103,False
CKSAAP_IV.gap0,747,103,False
AAC_W,34,103,False
CKSAAP_WV.gap2,1767,104,False
DPC_LQ,2578,104,False
CTriad_g6.g1.g2,414,104,False
CKSAAP_GR.gap0,704,104,False
DPC_ML,2594,104,False
CKSAAP_IQ.gap3,1943,104,False
CKSAAP_QR.gap2,1664,104,False
CTDD_hydrophobicity_ZIMJ680101.3.residue50,2232,104,False
CTDD_charge.3.residue50,2352,104,False
CKSAAP_VI.gap2,1737,104,False
CKSAAP_WP.gap2,1762,105,False
CKSAAP_EH.gap0,656,105,False
CKSAAP_KH.gap0,756,105,False
CKSAAP_RH.gap3,2076,105,False
CKSAAP_YT.gap2,1786,105,False
CKSAAP_QI.gap2,1657,105,False
CTriad_g6.g5.g5,445,105,False
CKSAAP_QH.gap3,2056,105,False
CKSAAP_GE.gap3,1893,105,False
CKSAAP_FG.gap1,1075,105,False
CKSAAP_PK.gap2,1638,106,False
CKSAAP_WQ.gap3,2163,106,False
DPC_WI,2752,106,False
CKSAAP_SR.gap2,1704,106,False
Geary_BEGF750103.lag1,554,106,False
DPC_MM,2595,106,False
CTDD_hydrophobicity_ZIMJ680101.1.residue50,2222,106,False
CKSAAP_AM.gap1,1000,106,False
CKSAAP_AE.gap2,1393,106,False
CTriad_g4.g3.g5,333,106,False
DPC_QY,2664,107,False
CKSAAP_EV.gap2,1467,107,False
Geary_ANDN920101.lag1,536,107,False
CKSAAP_GG.gap1,1095,107,False
CKSAAP_CK.gap2,1418,107,False
CKSAAP_QT.gap2,1666,107,False
CKSAAP_FR.gap1,1084,107,False
CKSAAP_VY.gap3,2149,107,False
CTDD_hydrophobicity_PRAM900101.1.residue25,2191,107,False
CTriad_g6.g2.g3,422,107,False
DPC_PL,2634,108,False
CKSAAP_FR.gap2,1484,108,False
CKSAAP_PP.gap3,2042,108,False
DPC_AK,2393,108,False
CKSAAP_RN.gap2,1681,108,False
CKSAAP_MG.gap2,1595,108,False
CKSAAP_LW.gap0,788,108,False
CKSAAP_DV.gap2,1447,108,False
DPC_DE,2428,108,False
CKSAAP_WY.gap2,1769,108,False
CKSAAP_TP.gap2,1722,109,False
CTriad_g4.g3.g4,332,109,False
DPC_II,2532,109,False
CKSAAP_PK.gap1,1238,109,False
CTDD_polarity.3.residue50,2322,109,False
DPC_HL,2514,109,False
CKSAAP_DC.gap0,631,109,False
CKSAAP_WS.gap0,965,109,False
CKSAAP_LK.gap3,1978,109,False
CKSAAP_GG.gap2,1495,109,False
QSOrder_Schneider.Xr.H,44,110,False
DPC_NP,2617,110,False
CTDD_hydrophobicity_ENGD860101.1.residue0,2265,110,False
CKSAAP_PV.gap3,2047,110,False
CKSAAP_CR.gap3,1824,110,False
CKSAAP_FT.gap2,1486,110,False
DPC_HS,2520,110,False
CKSAAP_AV.gap0,607,110,False
CKSAAP_YW.gap1,1388,110,False
CKSAAP_GG.gap3,1895,110,False
CTriad_g4.g1.g6,320,111,False
CKSAAP_HT.gap2,1526,111,False
CKSAAP_VY.gap2,1749,111,False
CKSAAP_IW.gap3,1948,111,False
CKSAAP_WE.gap3,2153,111,False
CKSAAP_YQ.gap1,1383,111,False
CKSAAP_LW.gap3,1988,111,False
CKSAAP_DG.gap2,1435,111,False
DPC_MW,2603,111,False
CKSAAP_RK.gap2,1678,111,False
CKSAAP_WY.gap1,1369,112,False
CTDD_hydrophobicity_PRAM900101.2.residue0,2195,112,False
CKSAAP_SE.gap1,1293,112,False
CKSAAP_HK.gap1,1118,112,False
CKSAAP_HF.gap0,714,112,False
CKSAAP_GV.gap2,1507,112,False
CKSAAP_QR.gap3,2064,112,False
CKSAAP_LI.gap1,1177,112,False
CKSAAP_MA.gap2,1590,112,False
SOCNumber_Schneider.lag3,586,112,False
CKSAAP_MM.gap1,1200,113,False
CTDD_hydrophobicity_PONP930101.3.residue25,2246,113,False
CKSAAP_SQ.gap3,2103,113,False
CTDD_hydrophobicity_PONP930101.3.residue75,2248,113,False
CKSAAP_CR.gap1,1024,113,False
CTriad_g6.g4.g5,438,113,False
CKSAAP_DL.gap1,1039,113,False
DPC_YG,2770,113,False
CKSAAP_TY.gap3,2129,113,False
CKSAAP_TC.gap2,1711,113,False
CTDD_hydrophobicity_PRAM900101.1.residue75,2193,114,False
CKSAAP_HY.gap3,1929,114,False
CKSAAP_CV.gap0,627,114,False
CKSAAP_RW.gap0,888,114,False
CKSAAP_CQ.gap0,623,114,False
Moran_ARGP820101.lag1,563,114,False
CTriad_g5.g6.g1,399,114,False
CKSAAP_VH.gap0,936,114,False
CKSAAP_SQ.gap2,1703,114,False
DPC_WN,2756,114,False
DPC_VI,2732,115,False
DPC_HA,2505,115,False
CKSAAP_WT.gap3,2166,115,False
CTDD_hydrophobicity_ZIMJ680101.2.residue75,2228,115,False
DPC_AV,2402,115,False
Geary_BHAR880101.lag3,559,115,False
CKSAAP_MF.gap3,1994,115,False
DPC_LL,2574,115,False
CKSAAP_GK.gap2,1498,115,False
CKSAAP_FN.gap2,1481,115,False
CKSAAP_HE.gap2,1513,116,False
CKSAAP_GL.gap2,1499,116,False
CKSAAP_KA.gap1,1150,116,False
CKSAAP_LL.gap3,1979,116,False
DPC_QG,2650,116,False
CKSAAP_HP.gap3,1922,116,False
CKSAAP_ML.gap0,799,116,False
CKSAAP_PH.gap1,1236,116,False
CKSAAP_PG.gap1,1235,116,False
CKSAAP_SN.gap3,2101,116,False
CKSAAP_TV.gap3,2127,117,False
CKSAAP_EM.gap1,1060,117,False
CTriad_g7.g5.g2,491,117,False
CTDC_polarizability.G1,109,117,False
CKSAAP_WR.gap3,2164,117,False
DPC_FP,2477,117,False
DPC_SV,2702,117,False
CKSAAP_CA.gap2,1410,117,False
CKSAAP_ST.gap2,1706,117,False
CKSAAP_AE.gap3,1793,117,False
CKSAAP_TV.gap1,1327,118,False
SOCNumber_Schneider.lag2,585,118,False
CKSAAP_LD.gap1,1172,118,False
Moran_BEGF750102.lag3,577,118,False
DPC_QR,2659,118,False
CTriad_g5.g2.g3,373,118,False
DPC_WP,2757,118,False
CKSAAP_RY.gap3,2089,118,False
CTriad_g1.g5.g1,196,118,False
CKSAAP_SW.gap3,2108,118,False
CKSAAP_SH.gap3,2096,119,False
CKSAAP_SD.gap0,892,119,False
DPC_CK,2413,119,False
CTDD_hydrophobicity_PRAM900101.3.residue25,2201,119,False
CTDD_hydrophobicity_PRAM900101.2.residue75,2198,119,False
CKSAAP_FE.gap0,673,119,False
CKSAAP_LE.gap3,1973,119,False
CTDD_normwaalsvolume.3.residue50,2307,119,False
CKSAAP_EN.gap0,661,119,False
CKSAAP_DH.gap1,1036,119,False
GAAC_uncharge,535,120,False
CKSAAP_WM.gap3,2160,120,False
CTDD_hydrophobicity_ZIMJ680101.2.residue0,2225,120,False
DPC_KI,2552,120,False
CKSAAP_IS.gap1,1145,120,False
CKSAAP_IP.gap0,742,120,False
DPC_TS,2720,120,False
CTDD_hydrophobicity_ARGP820101.1.residue100,2209,120,False
CTriad_g1.g5.g3,198,120,False
DPC_FQ,2478,120,False
CKSAAP_GY.gap3,1909,121,False
CTriad_g5.g2.g4,374,121,False
CKSAAP_RG.gap2,1675,121,False
CKSAAP_AW.gap1,1008,121,False
CTriad_g1.g1.g7,174,121,False
CKSAAP_RC.gap2,1671,121,False
CKSAAP_WH.gap0,956,121,False
CKSAAP_DV.gap3,1847,121,False
CKSAAP_TL.gap0,919,121,False
CTDD_normwaalsvolume.1.residue25,2296,121,False
CTriad_g1.g7.g1,210,122,False
CKSAAP_IM.gap2,1540,122,False
DPC_IA,2525,122,False
CKSAAP_MD.gap1,1192,122,False
DP_P,523,122,False
CTDD_normwaalsvolume.1.residue50,2297,122,False
Geary_ARGP820102.lag1,542,122,False
CTriad_g5.g3.g2,379,122,False
CKSAAP_FQ.gap0,683,122,False
CKSAAP_GH.gap3,1896,122,False
CKSAAP_MA.gap0,790,123,False
CKSAAP_MI.gap0,797,123,False
CKSAAP_DP.gap1,1042,123,False
CKSAAP_KE.gap3,1953,123,False
CKSAAP_HY.gap1,1129,123,False
CKSAAP_KP.gap3,1962,123,False
CKSAAP_QV.gap1,1267,123,False
CTDD_hydrophobicity_CASG920101.1.residue75,2253,123,False
CKSAAP_EQ.gap3,1863,123,False
ISOEP,1,123,False
CKSAAP_MT.gap2,1606,124,False
CKSAAP_TS.gap2,1725,124,False
DPC_TV,2722,124,False
CKSAAP_HW.gap0,728,124,False
CTriad_g7.g2.g1,469,124,False
CKSAAP_NE.gap1,1213,124,False
CKSAAP_RS.gap3,2085,124,False
CKSAAP_NH.gap1,1216,124,False
CTriad_g5.g7.g5,410,124,False
CKSAAP_WR.gap2,1764,124,False
AC_BEGF750101.lag2,157,125,False
CKSAAP_EK.gap3,1858,125,False
CKSAAP_GS.gap3,1905,125,False
CTriad_g2.g5.g3,247,125,False
CTDD_normwaalsvolume.2.residue75,2303,125,False
CTriad_g3.g2.g4,276,125,False
CKSAAP_KG.gap0,755,125,False
CKSAAP_PR.gap3,2044,125,False
CKSAAP_PW.gap1,1248,125,False
CKSAAP_ML.gap2,1599,125,False
CKSAAP_WA.gap3,2150,126,False
CKSAAP_QW.gap3,2068,126,False
CTDD_hydrophobicity_ENGD860101.3.residue100,2279,126,False
CKSAAP_WD.gap1,1352,126,False
CTDD_hydrophobicity_ENGD860101.2.residue0,2270,126,False
DPC_RI,2672,126,False
CKSAAP_HL.gap0,719,126,False
DPC_NA,2605,126,False
CKSAAP_HA.gap1,1110,126,False
CKSAAP_RH.gap1,1276,126,False
CTriad_g2.g3.g3,233,127,False
CKSAAP_KK.gap2,1558,127,False
CKSAAP_VD.gap2,1732,127,False
CKSAAP_RP.gap3,2082,127,False
CTriad_g1.g4.g1,189,127,False
CTriad_g7.g7.g7,510,127,False
CKSAAP_CA.gap3,1810,127,False
CKSAAP_TL.gap2,1719,127,False
CKSAAP_KG.gap1,1155,127,False
CTriad_g7.g6.g3,499,127,False
CKSAAP_CI.gap0,617,128,False
CKSAAP_VI.gap1,1337,128,False
CKSAAP_AH.gap3,1796,128,False
CKSAAP_EA.gap0,650,128,False
DPC_YI,2772,128,False
CKSAAP_VY.gap1,1349,128,False
CKSAAP_AF.gap0,594,128,False
CKSAAP_CH.gap3,1816,128,False
CKSAAP_IR.gap3,1944,128,False
CKSAAP_SK.gap1,1298,128,False
CTDD_hydrophobicity_PRAM900101.2.residue25,2196,129,False
CKSAAP_CV.gap2,1427,129,False
CKSAAP_LQ.gap0,783,129,False
DPC_SY,2704,129,False
CKSAAP_FG.gap2,1475,129,False
CKSAAP_KK.gap0,758,129,False
DPC_PH,2631,129,False
DPC_KL,2554,129,False
CTriad_g3.g5.g7,300,129,False
CKSAAP_HG.gap1,1115,129,False
DPC_YK,2773,130,False
CTriad_g1.g7.g4,213,130,False
CKSAAP_WG.gap3,2155,130,False
CKSAAP_WS.gap3,2165,130,False
CKSAAP_KD.gap1,1152,130,False
DPC_LM,2575,130,False
CTriad_g3.g3.g3,282,130,False
CKSAAP_IL.gap2,1539,130,False
CKSAAP_EI.gap0,657,130,False
CKSAAP_LT.gap3,1986,130,False
DPC_SM,2695,131,False
CKSAAP_PI.gap1,1237,131,False
Geary_BHAR880101.lag1,557,131,False
DPC_LC,2566,131,False
CKSAAP_WL.gap3,2159,131,False
CKSAAP_YR.gap3,2184,131,False
CKSAAP_HF.gap2,1514,131,False
CKSAAP_NG.gap1,1215,131,False
DPC_SI,2692,131,False
CTriad_g7.g1.g7,468,131,False
DPC_LY,2584,132,False
CKSAAP_DR.gap1,1044,132,False
CKSAAP_SV.gap3,2107,132,False
DPC_KN,2556,132,False
CKSAAP_AM.gap3,1800,132,False
CTDD_hydrophobicity_CASG920101.1.residue50,2252,132,False
CKSAAP_SQ.gap0,903,132,False
CTDD_polarity.3.residue75,2323,132,False
CKSAAP_FW.gap0,688,132,False
Geary_ANDN920101.lag3,538,132,False
CTDD_hydrophobicity_CASG920101.2.residue75,2258,133,False
CKSAAP_FW.gap2,1488,133,False
QSOrder_Schneider.Xr.P,50,133,False
CKSAAP_HE.gap3,1913,133,False
CKSAAP_AQ.gap3,1803,133,False
DPC_RQ,2678,133,False
CKSAAP_PK.gap0,838,133,False
CKSAAP_YG.gap2,1775,133,False
CTriad_g6.g4.g4,437,133,False
DPC_KS,2560,133,False
CKSAAP_HA.gap3,1910,134,False
CKSAAP_TH.gap1,1316,134,False
CKSAAP_CP.gap3,1822,134,False
DPC_GG,2490,134,False
CKSAAP_RK.gap1,1278,134,False
CTriad_g3.g6.g1,301,134,False
DPC_HD,2507,134,False
CKSAAP_SK.gap3,2098,134,False
DPC_QD,2647,134,False
CKSAAP_IE.gap1,1133,134,False
CKSAAP_IY.gap0,749,135,False
DPC_MV,2602,135,False
CKSAAP_ES.gap3,1865,135,False
CKSAAP_CM.gap1,1020,135,False
CTriad_g5.g5.g6,397,135,False
CKSAAP_PP.gap2,1642,135,False
CKSAAP_YD.gap1,1372,135,False
CKSAAP_IT.gap0,746,135,False
DPC_WY,2764,135,False
CKSAAP_WI.gap2,1757,135,False
DPC_CS,2420,136,False
CTriad_g7.g1.g2,463,136,False
CKSAAP_RG.gap1,1275,136,False
DPC_ID,2527,136,False
AC_ARGP820103.lag3,155,136,False
CTriad_g2.g2.g2,225,136,False
CKSAAP_KY.gap3,1969,136,False
CKSAAP_EQ.gap1,1063,136,False
DPC_MA,2585,136,False
CKSAAP_RH.gap0,876,136,False
CKSAAP_VA.gap3,2130,137,False
CKSAAP_PV.gap0,847,137,False
CKSAAP_IS.gap2,1545,137,False
CKSAAP_MW.gap1,1208,137,False
AC_BEGF750102.lag2,160,137,False
DPC_PG,2630,137,False
CKSAAP_ET.gap0,666,137,False
DPC_TM,2715,137,False
CTriad_g3.g5.g5,298,137,False
CKSAAP_DP.gap3,1842,137,False
CTDD_normwaalsvolume.3.residue100,2309,138,False
CTDD_secondarystruct.1.residue100,2359,138,False
CKSAAP_WT.gap2,1766,138,False
CTriad_g4.g3.g3,331,138,False
CKSAAP_RS.gap2,1685,138,False
CKSAAP_TM.gap2,1720,138,False
CKSAAP_LH.gap0,776,138,False
CKSAAP_RI.gap1,1277,138,False
DPC_GI,2492,138,False
AC_BEGF750101.lag3,158,138,False
CTDD_hydrophobicity_ENGD860101.1.residue50,2267,139,False
CKSAAP_LC.gap3,1971,139,False
CKSAAP_LS.gap3,1985,139,False
CKSAAP_VP.gap2,1742,139,False
DPC_SN,2696,139,False
Geary_BEGF750102.lag1,551,139,False
CKSAAP_FD.gap1,1072,139,False
CKSAAP_MN.gap0,801,139,False
DPC_QK,2653,139,False
Moran_ARGP820101.lag2,564,139,False
CKSAAP_TH.gap2,1716,140,False
CKSAAP_CI.gap2,1417,140,False
CKSAAP_KH.gap2,1556,140,False
CKSAAP_QG.gap1,1255,140,False
CKSAAP_YA.gap0,970,140,False
CTDD_polarity.2.residue50,2317,140,False
CKSAAP_LH.gap3,1976,140,False
CTriad_g2.g7.g4,262,140,False
DPC_DK,2433,140,False
CKSAAP_MD.gap0,792,140,False
CTriad_g6.g7.g5,459,141,False
CKSAAP_HP.gap1,1122,141,False
CKSAAP_GL.gap3,1899,141,False
DPC_FR,2479,141,False
CKSAAP_YL.gap3,2179,141,False
CKSAAP_RV.gap0,887,141,False
DPC_IK,2533,141,False
CKSAAP_AP.gap3,1802,141,False
CKSAAP_KQ.gap2,1563,141,False
CKSAAP_EY.gap3,1869,141,False
CKSAAP_DD.gap2,1432,142,False
CKSAAP_SF.gap3,2094,142,False
CKSAAP_MI.gap2,1597,142,False
CKSAAP_VT.gap1,1346,142,False
CKSAAP_LY.gap2,1589,142,False
CKSAAP_LM.gap1,1180,142,False
CTriad_g4.g4.g7,342,142,False
DPC_KK,2553,142,False
CKSAAP_MH.gap1,1196,142,False
DPC_HV,2522,142,False
CKSAAP_GT.gap2,1506,143,False
CTriad_g6.g6.g2,449,143,False
CKSAAP_FY.gap0,689,143,False
CTriad_g3.g7.g7,314,143,False
CTriad_g5.g3.g5,382,143,False
CKSAAP_AS.gap3,1805,143,False
CKSAAP_AE.gap1,993,143,False
DPC_AD,2387,143,False
CKSAAP_DG.gap3,1835,143,False
DPC_GY,2504,143,False
CKSAAP_NP.gap2,1622,144,False
CKSAAP_KW.gap3,1968,144,False
CTDD_normwaalsvolume.2.residue50,2302,144,False
DPC_DH,2431,144,False
CKSAAP_PW.gap2,1648,144,False
DPC_CF,2409,144,False
CTDD_secondarystruct.2.residue50,2362,144,False
CKSAAP_WF.gap1,1354,144,False
CTriad_g1.g6.g4,206,144,False
DPC_NN,2616,144,False
CKSAAP_HR.gap1,1124,145,False
CKSAAP_LP.gap1,1182,145,False
CKSAAP_GY.gap2,1509,145,False
CKSAAP_LN.gap1,1181,145,False
CTriad_g6.g7.g6,460,145,False
CTDD_hydrophobicity_ARGP820101.3.residue75,2218,145,False
CKSAAP_HN.gap3,1921,145,False
CTDD_hydrophobicity_CASG920101.1.residue25,2251,145,False
CKSAAP_DM.gap3,1840,145,False
CKSAAP_KT.gap0,766,145,False
CTDC_normwaalsvolume.G1,103,146,False
CKSAAP_SK.gap2,1698,146,False
CKSAAP_PI.gap2,1637,146,False
CKSAAP_PA.gap3,2030,146,False
CKSAAP_RH.gap2,1676,146,False
CKSAAP_QW.gap2,1668,146,False
CTriad_g7.g4.g7,489,146,False
CKSAAP_LQ.gap3,1983,146,False
CKSAAP_SA.gap1,1290,146,False
CKSAAP_RC.gap3,2071,146,False
CKSAAP_MI.gap1,1197,147,False
CTriad_g3.g4.g4,290,147,False
DPC_RH,2671,147,False
CKSAAP_GF.gap1,1094,147,False
CKSAAP_SN.gap0,901,147,False
CTriad_g4.g6.g1,350,147,False
CKSAAP_ML.gap1,1199,147,False
CKSAAP_HG.gap2,1515,147,False
CKSAAP_SE.gap0,893,147,False
CTriad_g2.g5.g7,251,147,False
CKSAAP_HD.gap3,1912,148,False
DPC_KC,2546,148,False
DPC_CQ,2418,148,False
CKSAAP_VS.gap1,1345,148,False
AAC_H,22,148,False
AC_BEGF750102.lag3,161,148,False
CTriad_g2.g1.g4,220,148,False
CKSAAP_KS.gap3,1965,148,False
CTDD_solventaccess.3.residue25,2381,148,False
CKSAAP_AN.gap3,1801,148,False
CTDD_hydrophobicity_ENGD860101.3.residue0,2275,149,False
CKSAAP_CY.gap1,1029,149,False
CKSAAP_YL.gap1,1379,149,False
CKSAAP_SD.gap1,1292,149,False
CKSAAP_HG.gap3,1915,149,False
CKSAAP_TG.gap1,1315,149,False
CTDD_hydrophobicity_PRAM900101.3.residue0,2200,149,False
CKSAAP_YS.gap0,985,149,False
CKSAAP_TI.gap1,1317,149,False
CTDD_hydrophobicity_ENGD860101.2.residue50,2272,149,False
CKSAAP_SA.gap3,2090,150,False
CKSAAP_MY.gap1,1209,150,False
CKSAAP_SL.gap3,2099,150,False
Geary_BEGF750102.lag2,552,150,False
CKSAAP_FN.gap3,1881,150,False
CKSAAP_PE.gap1,1233,150,False
CKSAAP_HW.gap3,1928,150,False
CTDD_solventaccess.1.residue0,2370,150,False
CKSAAP_QG.gap3,2055,150,False
CKSAAP_TY.gap1,1329,150,False
CKSAAP_SH.gap0,896,151,False
CKSAAP_TQ.gap3,2123,151,False
CKSAAP_ND.gap2,1612,151,False
CTriad_g6.g7.g1,455,151,False
CKSAAP_YR.gap2,1784,151,False
CTriad_g2.g3.g6,236,151,False
CKSAAP_KC.gap2,1551,151,False
DPC_PA,2625,151,False
DPC_QA,2645,151,False
CKSAAP_KV.gap3,1967,151,False
CKSAAP_SI.gap3,2097,152,False
CKSAAP_SM.gap0,900,152,False
CTDD_charge.1.residue75,2343,152,False
CKSAAP_RW.gap3,2088,152,False
CKSAAP_AP.gap2,1402,152,False
CTDD_hydrophobicity_ENGD860101.1.residue75,2268,152,False
CTriad_g6.g1.g6,418,152,False
CKSAAP_YI.gap3,2177,152,False
CKSAAP_IY.gap1,1149,152,False
CKSAAP_PE.gap0,833,152,False
CTriad_g4.g7.g2,358,153,False
DPC_LN,2576,153,False
CKSAAP_RW.gap2,1688,153,False
CKSAAP_KN.gap0,761,153,False
CKSAAP_AN.gap1,1001,153,False
CKSAAP_HA.gap2,1510,153,False
CKSAAP_WA.gap0,950,153,False
CKSAAP_LY.gap3,1989,153,False
CKSAAP_PW.gap0,848,153,False
CKSAAP_AM.gap2,1400,153,False
CKSAAP_MS.gap1,1205,154,False
CKSAAP_SL.gap1,1299,154,False
CKSAAP_HR.gap2,1524,154,False
CTDD_polarizability.1.residue50,2327,154,False
CKSAAP_MR.gap3,2004,154,False
CKSAAP_VA.gap2,1730,154,False
CKSAAP_LT.gap2,1586,154,False
CTriad_g3.g5.g6,299,154,False
CTriad_g6.g3.g2,428,154,False
CTriad_g5.g6.g3,401,154,False
CTDD_polarity.1.residue0,2310,155,False
CTDD_hydrophobicity_PONP930101.2.residue75,2243,155,False
Moran_ARGP820101.lag3,565,155,False
CKSAAP_YW.gap3,2188,155,False
CKSAAP_LI.gap0,777,155,False
CKSAAP_MF.gap2,1594,155,False
CKSAAP_IT.gap1,1146,155,False
DPC_YC,2766,155,False
CKSAAP_SW.gap2,1708,155,False
CKSAAP_VC.gap1,1331,155,False
CKSAAP_DF.gap2,1434,156,False
CKSAAP_NE.gap2,1613,156,False
CKSAAP_WW.gap2,1768,156,False
CTDD_polarizability.1.residue75,2328,156,False
CKSAAP_YA.gap2,1770,156,False
DPC_CD,2407,156,False
CTDC_solventaccess.G3,120,156,False
CKSAAP_PL.gap2,1639,156,False
CKSAAP_YI.gap2,1777,156,False
CKSAAP_PS.gap1,1245,156,False
CKSAAP_QR.gap1,1264,157,False
CKSAAP_MI.gap3,1997,157,False
CKSAAP_ST.gap1,1306,157,False
CTriad_g6.g4.g7,440,157,False
CKSAAP_AS.gap0,605,157,False
CTDD_polarizability.3.residue25,2336,157,False
DPC_KW,2563,157,False
CKSAAP_ES.gap1,1065,157,False
CTriad_g4.g2.g4,325,157,False
CKSAAP_DN.gap1,1041,157,False
CTDD_hydrophobicity_CASG920101.3.residue0,2260,158,False
DPC_LS,2580,158,False
CKSAAP_SQ.gap1,1303,158,False
CKSAAP_MY.gap3,2009,158,False
CKSAAP_RV.gap3,2087,158,False
CKSAAP_NH.gap3,2016,158,False
CKSAAP_MG.gap1,1195,158,False
CKSAAP_PK.gap3,2038,158,False
CTriad_g3.g4.g6,292,158,False
DPC_TE,2708,158,False
CKSAAP_FD.gap3,1872,159,False
CTriad_g6.g6.g3,450,159,False
CKSAAP_TW.gap3,2128,159,False
CTriad_g6.g3.g5,431,159,False
DPC_KR,2559,159,False
CTriad_g1.g3.g7,188,159,False
CKSAAP_CW.gap1,1028,159,False
CKSAAP_VL.gap1,1339,159,False
CKSAAP_HY.gap2,1529,159,False
CKSAAP_PC.gap2,1631,159,False
CKSAAP_WN.gap0,961,160,False
CKSAAP_YW.gap2,1788,160,False
CKSAAP_CK.gap3,1818,160,False
CKSAAP_TK.gap3,2118,160,False
CKSAAP_VE.gap0,933,160,False
CKSAAP_MQ.gap2,1603,160,False
CTDD_hydrophobicity_PONP930101.2.residue25,2241,160,False
CTriad_g1.g7.g5,214,160,False
DPC_GL,2494,160,False
CTDD_normwaalsvolume.3.residue25,2306,160,False
CKSAAP_HR.gap0,724,161,False
CTDD_hydrophobicity_PONP930101.1.residue75,2238,161,False
CTriad_g5.g6.g7,405,161,False
CTriad_g6.g5.g2,442,161,False
CKSAAP_EC.gap3,1851,161,False
CTDD_hydrophobicity_ARGP820101.3.residue50,2217,161,False
CKSAAP_EG.gap2,1455,161,False
CKSAAP_HF.gap3,1914,161,False
DPC_NV,2622,161,False
CKSAAP_YL.gap2,1779,161,False
CKSAAP_VT.gap3,2146,162,False
CKSAAP_RR.gap2,1684,162,False
CKSAAP_CA.gap1,1010,162,False
CKSAAP_RS.gap0,885,162,False
DPC_LG,2570,162,False
CKSAAP_LI.gap3,1977,162,False
CKSAAP_SG.gap1,1295,162,False
CKSAAP_SI.gap1,1297,162,False
CKSAAP_IN.gap3,1941,162,False
Moran_BEGF750101.lag3,574,162,False
CKSAAP_SY.gap0,909,163,False
DPC_GT,2501,163,False
CTDD_charge.1.residue100,2344,163,False
DPC_IC,2526,163,False
CKSAAP_HS.gap2,1525,163,False
CKSAAP_KC.gap0,751,163,False
CKSAAP_DW.gap0,648,163,False
CKSAAP_PT.gap2,1646,163,False
CKSAAP_AC.gap3,1791,163,False
CKSAAP_QY.gap2,1669,163,False
CKSAAP_IF.gap0,734,164,False
CTDD_secondarystruct.3.residue50,2367,164,False
CKSAAP_IT.gap2,1546,164,False
CKSAAP_WF.gap2,1754,164,False
CKSAAP_EV.gap1,1067,164,False
DPC_LV,2582,164,False
CKSAAP_EH.gap2,1456,164,False
CKSAAP_QM.gap0,860,164,False
CKSAAP_FR.gap0,684,164,False
CKSAAP_YR.gap1,1384,164,False
CTDD_polarizability.1.residue25,2326,165,False
CKSAAP_RY.gap1,1289,165,False
CKSAAP_RQ.gap3,2083,165,False
DPC_PI,2632,165,False
CKSAAP_EA.gap1,1050,165,False
DPC_KV,2562,165,False
CKSAAP_GT.gap3,1906,165,False
CKSAAP_SG.gap2,1695,165,False
CKSAAP_ET.gap3,1866,165,False
CKSAAP_PI.gap3,2037,165,False
CKSAAP_II.gap2,1537,166,False
GDPC_aromatic.aromatic,2791,166,False
CTriad_g6.g5.g3,443,166,False
CKSAAP_NT.gap3,2026,166,False
CKSAAP_KF.gap0,754,166,False
CKSAAP_QA.gap0,850,166,False
CKSAAP_AR.gap1,1004,166,False
CKSAAP_YP.gap0,982,166,False
CTDD_hydrophobicity_FASG890101.1.residue25,2281,166,False
SOCNumber_gGrantham.lag1,587,166,False
CTDD_hydrophobicity_ZIMJ680101.1.residue75,2223,167,False
CKSAAP_HK.gap2,1518,167,False
CTDD_solventaccess.1.residue25,2371,167,False
CKSAAP_TN.gap1,1321,167,False
CKSAAP_SA.gap2,1690,167,False
DPC_QI,2652,167,False
CKSAAP_NY.gap1,1229,167,False
CKSAAP_KM.gap0,760,167,False
CTriad_g4.g2.g6,327,167,False
DPC_NY,2624,167,False
DPC_MY,2604,168,False
DPC_HT,2521,168,False
DPC_TY,2724,168,False
CKSAAP_WK.gap0,958,168,False
CKSAAP_MW.gap3,2008,168,False
CKSAAP_DI.gap3,1837,168,False
CKSAAP_AI.gap3,1797,168,False
CKSAAP_WT.gap1,1366,168,False
DPC_GQ,2498,168,False
DPC_HY,2524,168,False
Geary_BEGF750101.lag1,548,169,False
CKSAAP_KP.gap0,762,169,False
DPC_NH,2611,169,False
CTriad_g4.g5.g1,343,169,False
CTriad_g1.g6.g7,209,169,False
CKSAAP_DL.gap2,1439,169,False
CKSAAP_AL.gap0,599,169,False
CKSAAP_YH.gap0,976,169,False
DPC_QE,2648,169,False
CKSAAP_LH.gap1,1176,169,False
CKSAAP_YY.gap2,1789,170,False
CTriad_g2.g6.g7,258,170,False
CKSAAP_SV.gap0,907,170,False
CKSAAP_EW.gap2,1468,170,False
CKSAAP_LQ.gap2,1583,170,False
CKSAAP_PS.gap2,1645,170,False
AC_ARGP820102.lag1,150,170,False
CKSAAP_TN.gap2,1721,170,False
CKSAAP_LW.gap2,1588,170,False
CTDD_charge.2.residue25,2346,170,False
CTDD_polarity.2.residue0,2315,171,False
CKSAAP_DY.gap2,1449,171,False
DPC_ST,2701,171,False
DPC_IN,2536,171,False
CKSAAP_FY.gap2,1489,171,False
DPC_WM,2755,171,False
CKSAAP_DN.gap3,1841,171,False
CKSAAP_HW.gap2,1528,171,False
CKSAAP_FY.gap3,1889,171,False
DPC_YL,2774,171,False
CKSAAP_EM.gap3,1860,172,False
CKSAAP_KI.gap0,757,172,False
CKSAAP_KY.gap0,769,172,False
CKSAAP_ET.gap2,1466,172,False
DPC_DN,2436,172,False
CKSAAP_KG.gap2,1555,172,False
CKSAAP_TP.gap3,2122,172,False
CKSAAP_FI.gap0,677,172,False
CKSAAP_RE.gap1,1273,172,False
CTriad_g3.g5.g2,295,172,False
CTriad_g5.g1.g5,368,173,False
CTriad_g4.g4.g4,339,173,False
CKSAAP_IF.gap3,1934,173,False
CKSAAP_NY.gap0,829,173,False
CTriad_g7.g5.g5,494,173,False
CKSAAP_DQ.gap1,1043,173,False
CKSAAP_WM.gap0,960,173,False
CKSAAP_QL.gap0,859,173,False
CTDD_normwaalsvolume.1.residue0,2295,173,False
CTriad_g4.g4.g6,341,173,False
CTDD_hydrophobicity_ZIMJ680101.1.residue100,2224,174,False
CKSAAP_SS.gap0,905,174,False
CKSAAP_DT.gap1,1046,174,False
DPC_IS,2540,174,False
CKSAAP_DF.gap3,1834,174,False
CKSAAP_HV.gap1,1127,174,False
CKSAAP_PQ.gap2,1643,174,False
CKSAAP_MV.gap0,807,174,False
CTDD_hydrophobicity_CASG920101.3.residue100,2264,174,False
CKSAAP_TR.gap2,1724,174,False
CKSAAP_IG.gap2,1535,175,False
CTDD_polarity.1.residue50,2312,175,False
DPC_QQ,2658,175,False
CTriad_g3.g6.g4,304,175,False
CTriad_g6.g1.g1,413,175,False
DPC_GN,2496,175,False
DPC_AP,2397,175,False
CKSAAP_HY.gap0,729,175,False
CKSAAP_GS.gap2,1505,175,False
CKSAAP_RN.gap1,1281,175,False
CTriad_g2.g4.g1,238,176,False
CKSAAP_KH.gap3,1956,176,False
DPC_TD,2707,176,False
CTriad_g5.g6.g2,400,176,False
CKSAAP_NG.gap3,2015,176,False
CTriad_g4.g5.g6,348,176,False
CKSAAP_GC.gap3,1891,176,False
CKSAAP_QD.gap3,2052,176,False
CKSAAP_CE.gap1,1013,176,False
CTDD_hydrophobicity_ARGP820101.1.residue0,2205,176,False
DP_N,522,177,False
DPC_YT,2781,177,False
CTriad_g5.g7.g2,407,177,False
CTriad_g4.g3.g2,330,177,False
CKSAAP_HT.gap1,1126,177,False
CKSAAP_SD.gap3,2092,177,False
CTDD_hydrophobicity_PRAM900101.2.residue50,2197,177,False
DPC_CT,2421,177,False
CKSAAP_AD.gap1,992,177,False
CKSAAP_AY.gap0,609,177,False
CTDD_hydrophobicity_ZIMJ680101.2.residue100,2229,178,False
DPC_RV,2682,178,False
CKSAAP_YT.gap3,2186,178,False
CKSAAP_SR.gap0,904,178,False
Geary_BHAR880101.lag2,558,178,False
DPC_CP,2417,178,False
CKSAAP_LC.gap0,771,178,False
CKSAAP_AG.gap3,1795,178,False
CTDD_normwaalsvolume.2.residue100,2304,178,False
CKSAAP_LG.gap2,1575,178,False
CKSAAP_EI.gap2,1457,179,False
CTriad_g7.g4.g6,488,179,False
DPC_MR,2599,179,False
CKSAAP_EN.gap3,1861,179,False
CKSAAP_KV.gap0,767,179,False
CKSAAP_KN.gap2,1561,179,False
DPC_CN,2416,179,False
CKSAAP_PR.gap2,1644,179,False
CKSAAP_MC.gap0,791,179,False
CKSAAP_TK.gap1,1318,179,False
CKSAAP_AS.gap1,1005,180,False
CTriad_g3.g3.g2,281,180,False
CKSAAP_IN.gap1,1141,180,False
CTDD_hydrophobicity_PONP930101.1.residue50,2237,180,False
CKSAAP_IA.gap1,1130,180,False
CKSAAP_DQ.gap2,1443,180,False
CKSAAP_FM.gap1,1080,180,False
DPC_FL,2474,180,False
CTriad_g5.g4.g1,385,180,False
CKSAAP_FR.gap3,1884,180,False
CKSAAP_FF.gap0,674,181,False
CKSAAP_IC.gap0,731,181,False
CTriad_g1.g3.g5,186,181,False
CTDD_hydrophobicity_ENGD860101.2.residue25,2271,181,False
DPC_PF,2629,181,False
CTriad_g3.g2.g7,279,181,False
CKSAAP_NK.gap2,1618,181,False
INST,3,181,False
CKSAAP_MH.gap0,796,181,False
CKSAAP_CT.gap2,1426,181,False
DPC_GM,2495,182,False
CKSAAP_WL.gap1,1359,182,False
CTriad_g1.g2.g5,179,182,False
CKSAAP_QF.gap3,2054,182,False
CKSAAP_NA.gap0,810,182,False
CTriad_g4.g6.g6,355,182,False
CKSAAP_EW.gap3,1868,182,False
CKSAAP_RS.gap1,1285,182,False
CTDD_hydrophobicity_ARGP820101.2.residue75,2213,182,False
DPC_IH,2531,182,False
CKSAAP_WE.gap0,953,183,False
CKSAAP_CF.gap0,614,183,False
CKSAAP_RV.gap1,1287,183,False
CTDD_hydrophobicity_PONP930101.1.residue0,2235,183,False
CTriad_g6.g7.g7,461,183,False
CKSAAP_KC.gap3,1951,183,False
CKSAAP_AL.gap2,1399,183,False
CKSAAP_TW.gap2,1728,183,False
DPC_YS,2780,183,False
CKSAAP_KR.gap2,1564,183,False
CKSAAP_SV.gap1,1307,184,False
CTDD_hydrophobicity_FASG890101.2.residue100,2289,184,False
CTriad_g1.g4.g7,195,184,False
CKSAAP_II.gap3,1937,184,False
CKSAAP_VS.gap0,945,184,False
CKSAAP_EY.gap2,1469,184,False
DPC_RE,2668,184,False
CKSAAP_SN.gap2,1701,184,False
DPC_QC,2646,184,False
CKSAAP_RY.gap2,1689,184,False
CKSAAP_GI.gap2,1497,185,False
CTDD_secondarystruct.1.residue25,2356,185,False
CKSAAP_TQ.gap2,1723,185,False
CKSAAP_SF.gap0,894,185,False
CKSAAP_WY.gap0,969,185,False
CTDD_hydrophobicity_ZIMJ680101.2.residue50,2227,185,False
CTriad_g1.g6.g5,207,185,False
DPC_CY,2424,185,False
CKSAAP_NF.gap2,1614,185,False
CTDD_polarizability.2.residue25,2331,185,False
CKSAAP_FQ.gap3,1883,186,False
CKSAAP_ID.gap3,1932,186,False
CTDD_polarity.3.residue100,2324,186,False
DPC_DC,2426,186,False
CKSAAP_NC.gap2,1611,186,False
CKSAAP_DL.gap3,1839,186,False
CKSAAP_DM.gap1,1040,186,False
DPC_QH,2651,186,False
CTriad_g1.g4.g6,194,186,False
CKSAAP_VD.gap0,932,186,False
CKSAAP_AI.gap1,997,187,False
CTriad_g1.g7.g6,215,187,False
CKSAAP_EY.gap0,669,187,False
CKSAAP_LA.gap2,1570,187,False
CTDD_solventaccess.1.residue100,2374,187,False
CTriad_g2.g4.g6,243,187,False
CKSAAP_HQ.gap3,1923,187,False
CKSAAP_QC.gap1,1251,187,False
CKSAAP_RA.gap0,870,187,False
CKSAAP_HQ.gap1,1123,187,False
CKSAAP_NH.gap2,1616,188,False
CKSAAP_NQ.gap3,2023,188,False
DPC_KP,2557,188,False
CTriad_g7.g1.g5,466,188,False
CKSAAP_CD.gap3,1812,188,False
CKSAAP_AL.gap3,1799,188,False
CTDD_hydrophobicity_FASG890101.1.residue100,2284,188,False
CKSAAP_GR.gap2,1504,188,False
CKSAAP_EI.gap3,1857,188,False
CKSAAP_CC.gap2,1411,188,False
CTDD_secondarystruct.1.residue0,2355,189,False
CKSAAP_LN.gap3,1981,189,False
DPC_HK,2513,189,False
CKSAAP_PT.gap1,1246,189,False
CTriad_g2.g3.g4,234,189,False
CTDD_secondarystruct.1.residue50,2357,189,False
DPC_AC,2386,189,False
CTriad_g7.g1.g4,465,189,False
CTriad_g4.g2.g5,326,189,False
CKSAAP_AT.gap2,1406,189,False
CKSAAP_MF.gap1,1194,190,False
DPC_MN,2596,190,False
CKSAAP_NS.gap0,825,190,False
CKSAAP_IC.gap2,1531,190,False
CKSAAP_ES.gap2,1465,190,False
DPC_PN,2636,190,False
CKSAAP_NS.gap2,1625,190,False
CTriad_g3.g1.g5,270,190,False
CKSAAP_TS.gap1,1325,190,False
CKSAAP_EM.gap0,660,190,False
CKSAAP_KT.gap1,1166,191,False
CTriad_g7.g6.g7,503,191,False
DPC_NM,2615,191,False
CKSAAP_RP.gap1,1282,191,False
CKSAAP_FN.gap1,1081,191,False
CKSAAP_ID.gap1,1132,191,False
CKSAAP_IQ.gap0,743,191,False
CKSAAP_NE.gap0,813,191,False
CKSAAP_RE.gap3,2073,191,False
CKSAAP_FK.gap1,1078,191,False
CKSAAP_PD.gap2,1632,192,False
CKSAAP_GS.gap1,1105,192,False
CKSAAP_AI.gap2,1397,192,False
CKSAAP_GM.gap1,1100,192,False
CKSAAP_NK.gap3,2018,192,False
CTriad_g5.g1.g1,364,192,False
CKSAAP_DI.gap2,1437,192,False
AC_ARGP820102.lag3,152,192,False
DPC_TG,2710,192,False
CKSAAP_TD.gap0,912,192,False
CKSAAP_YD.gap3,2172,193,False
CKSAAP_SC.gap3,2091,193,False
CKSAAP_NH.gap0,816,193,False
CKSAAP_TE.gap3,2113,193,False
CKSAAP_LW.gap1,1188,193,False
CKSAAP_MQ.gap3,2003,193,False
CKSAAP_NW.gap2,1628,193,False
CKSAAP_LA.gap3,1970,193,False
GDPC_uncharger.aromatic,2806,193,False
CKSAAP_PL.gap0,839,193,False
CKSAAP_RM.gap3,2080,194,False
CKSAAP_GD.gap0,692,194,False
CKSAAP_CR.gap0,624,194,False
CKSAAP_FC.gap2,1471,194,False
CKSAAP_WL.gap0,959,194,False
DPC_RC,2666,194,False
CKSAAP_HC.gap2,1511,194,False
DPC_CV,2422,194,False
CKSAAP_LF.gap2,1574,194,False
CKSAAP_TI.gap3,2117,194,False
CTriad_g7.g2.g5,473,195,False
CKSAAP_FL.gap2,1479,195,False
CKSAAP_TM.gap0,920,195,False
CKSAAP_RI.gap2,1677,195,False
CKSAAP_TG.gap3,2115,195,False
DPC_NW,2623,195,False
CKSAAP_SR.gap1,1304,195,False
CTriad_g1.g6.g1,203,195,False
CKSAAP_TR.gap3,2124,195,False
CTDD_secondarystruct.1.residue75,2358,195,False
CKSAAP_MQ.gap1,1203,196,False
CKSAAP_YF.gap2,1774,196,False
CKSAAP_RI.gap3,2077,196,False
AC_ANDN920101.lag2,145,196,False
CKSAAP_FQ.gap1,1083,196,False
CKSAAP_YC.gap2,1771,196,False
CKSAAP_VT.gap2,1746,196,False
CTriad_g2.g6.g3,254,196,False
CKSAAP_HL.gap1,1119,196,False
CKSAAP_PV.gap2,1647,196,False
CTriad_g7.g6.g1,497,197,False
CTDD_hydrophobicity_ARGP820101.1.residue50,2207,197,False
CKSAAP_HI.gap3,1917,197,False
CTriad_g5.g4.g3,387,197,False
CKSAAP_KQ.gap0,763,197,False
CTriad_g7.g4.g5,487,197,False
CKSAAP_AW.gap2,1408,197,False
CKSAAP_IM.gap1,1140,197,False
CKSAAP_PY.gap1,1249,197,False
CKSAAP_YG.gap1,1375,197,False
CKSAAP_DR.gap3,1844,198,False
GDPC_aromatic.alphaticr,2790,198,False
CTriad_g6.g6.g6,453,198,False
CTDD_hydrophobicity_ARGP820101.2.residue0,2210,198,False
CKSAAP_TP.gap1,1322,198,False
CKSAAP_HC.gap3,1911,198,False
CKSAAP_AK.gap3,1798,198,False
CKSAAP_HR.gap3,1924,198,False
CTDD_hydrophobicity_ARGP820101.3.residue0,2215,198,False
CKSAAP_MW.gap0,808,198,False
CTriad_g5.g7.g4,409,199,False
CKSAAP_DF.gap0,634,199,False
CTriad_g4.g1.g5,319,199,False
CKSAAP_VS.gap2,1745,199,False
CTriad_g3.g5.g1,294,199,False
CKSAAP_HL.gap2,1519,199,False
CKSAAP_AV.gap2,1407,199,False
DPC_YW,2783,199,False
CKSAAP_NI.gap2,1617,199,False
CTriad_g1.g3.g3,184,199,False
CKSAAP_QI.gap3,2057,200,False
CKSAAP_KK.gap3,1958,200,False
CKSAAP_KG.gap3,1955,200,False
CKSAAP_PS.gap0,845,200,False
CTriad_g5.g1.g6,369,200,False
CKSAAP_HD.gap1,1112,200,False
CTriad_g6.g1.g4,416,200,False
CTriad_g6.g5.g1,441,200,False
CTDD_hydrophobicity_ARGP820101.2.residue50,2212,200,False
DPC_TP,2717,200,False
CKSAAP_TS.gap3,2125,201,False
CKSAAP_AK.gap2,1398,201,False
DPC_VH,2731,201,False
CKSAAP_NT.gap1,1226,201,False
CKSAAP_YR.gap0,984,201,False
CKSAAP_KY.gap1,1169,201,False
CKSAAP_RL.gap2,1679,201,False
CKSAAP_PT.gap3,2046,201,False
CKSAAP_EG.gap3,1855,201,False
CKSAAP_IW.gap1,1148,201,False
CKSAAP_PA.gap1,1230,202,False
CKSAAP_TM.gap1,1320,202,False
CKSAAP_VQ.gap1,1343,202,False
CTriad_g6.g6.g4,451,202,False
CTriad_g7.g7.g5,508,202,False
CKSAAP_QW.gap1,1268,202,False
CTriad_g1.g4.g4,192,202,False
CKSAAP_HV.gap3,1927,202,False
CKSAAP_AT.gap3,1806,202,False
AAC_Y,35,202,False
G4,14,203,False
CKSAAP_YI.gap1,1377,203,False
CTriad_g2.g2.g1,224,203,False
CKSAAP_CW.gap3,1828,203,False
DPC_TN,2716,203,False
CKSAAP_NR.gap3,2024,203,False
CTDD_polarity.2.residue100,2319,203,False
CTriad_g3.g1.g6,271,203,False
CTriad_g5.g2.g5,375,203,False
CTriad_g1.g1.g6,173,203,False
G2,12,204,False
CKSAAP_TW.gap1,1328,204,False
CTriad_g2.g3.g2,232,204,False
CKSAAP_EQ.gap0,663,204,False
CKSAAP_VL.gap0,939,204,False
CKSAAP_AY.gap1,1009,204,False
CTDD_hydrophobicity_CASG920101.2.residue100,2259,204,False
DPC_MG,2590,204,False
CKSAAP_QN.gap0,861,204,False
CKSAAP_RK.gap0,878,204,False
DPC_AR,2399,205,False
Moran_BEGF750103.lag2,579,205,False
CKSAAP_KF.gap2,1554,205,False
CKSAAP_TG.gap0,915,205,False
CKSAAP_TF.gap1,1314,205,False
CTDD_hydrophobicity_ENGD860101.3.residue50,2277,205,False
CTriad_g5.g7.g1,406,205,False
CTDD_hydrophobicity_ZIMJ680101.2.residue25,2226,205,False
DPC_WC,2746,205,False
CKSAAP_EW.gap0,668,205,False
DPC_PS,2640,206,False
CKSAAP_FV.gap1,1087,206,False
CKSAAP_CS.gap2,1425,206,False
CTriad_g7.g5.g1,490,206,False
CTriad_g6.g7.g4,458,206,False
CKSAAP_KM.gap1,1160,206,False
CKSAAP_EC.gap2,1451,206,False
CKSAAP_GI.gap3,1897,206,False
CKSAAP_RW.gap1,1288,206,False
DPC_WR,2759,206,False
DPC_PR,2639,207,False
DPC_RT,2681,207,False
CKSAAP_RR.gap3,2084,207,False
CKSAAP_PS.gap3,2045,207,False
CKSAAP_DW.gap3,1848,207,False
DPC_PW,2643,207,False
CTriad_g1.g4.g5,193,207,False
DPC_RD,2667,207,False
CKSAAP_GE.gap1,1093,207,False
CKSAAP_NF.gap1,1214,207,False
CKSAAP_HI.gap2,1517,208,False
CTDD_polarizability.3.residue100,2339,208,False
CTriad_g2.g1.g7,223,208,False
CTriad_g3.g2.g5,277,208,False
CKSAAP_MG.gap0,795,208,False
CKSAAP_VW.gap0,948,208,False
CTriad_g2.g5.g6,250,208,False
CKSAAP_YC.gap3,2171,208,False
CKSAAP_CG.gap1,1015,208,False
CKSAAP_DV.gap1,1047,208,False
CKSAAP_NC.gap3,2011,209,False
CKSAAP_QI.gap1,1257,209,False
CKSAAP_RG.gap0,875,209,False
DP_T,527,209,False
CTriad_g4.g4.g5,340,209,False
CTriad_g4.g3.g1,329,209,False
DPC_CW,2423,209,False
CKSAAP_IQ.gap2,1543,209,False
CKSAAP_DC.gap2,1431,209,False
DPC_RS,2680,209,False
DPC_NQ,2618,210,False
CKSAAP_GH.gap1,1096,210,False
CTriad_g4.g1.g4,318,210,False
CKSAAP_ER.gap3,1864,210,False
DPC_RA,2665,210,False
CKSAAP_DS.gap1,1045,210,False
CKSAAP_YC.gap0,971,210,False
CKSAAP_VF.gap1,1334,210,False
CTriad_g2.g7.g2,260,210,False
CKSAAP_NT.gap2,1626,210,False
CKSAAP_NR.gap2,1624,211,False
CKSAAP_AN.gap0,601,211,False
CTDD_normwaalsvolume.1.residue100,2299,211,False
CTDD_secondarystruct.3.residue0,2365,211,False
DPC_NK,2613,211,False
CKSAAP_TF.gap0,914,211,False
CKSAAP_RN.gap3,2081,211,False
CTriad_g1.g3.g6,187,211,False
CTriad_g6.g6.g7,454,211,False
CKSAAP_LK.gap1,1178,211,False
CTDD_hydrophobicity_PRAM900101.1.residue100,2194,212,False
CKSAAP_NW.gap3,2028,212,False
CKSAAP_TQ.gap0,923,212,False
CTriad_g2.g1.g1,217,212,False
CKSAAP_FE.gap1,1073,212,False
CKSAAP_RM.gap2,1680,212,False
DPC_KQ,2558,212,False
DPC_VA,2725,212,False
CKSAAP_EY.gap1,1069,212,False
DPC_RP,2677,212,False
CKSAAP_EQ.gap2,1463,213,False
DPC_YQ,2778,213,False
NMBroto_ANDN920101.lag1,2810,213,False
CKSAAP_KL.gap0,759,213,False
CKSAAP_EL.gap2,1459,213,False
CKSAAP_DQ.gap3,1843,213,False
CTDD_hydrophobicity_CASG920101.3.residue75,2263,213,False
CKSAAP_TC.gap3,2111,213,False
CTriad_g6.g2.g4,423,213,False
CTriad_g7.g2.g4,472,213,False
CTDD_hydrophobicity_CASG920101.3.residue25,2261,214,False
DPC_GV,2502,214,False
CKSAAP_CP.gap1,1022,214,False
CTDD_hydrophobicity_PRAM900101.3.residue75,2203,214,False
CTDC_secondarystruct.G1,115,214,False
CKSAAP_CS.gap3,1825,214,False
CKSAAP_TL.gap1,1319,214,False
CTriad_g6.g2.g1,420,214,False
CKSAAP_VR.gap0,944,214,False
CTDD_hydrophobicity_FASG890101.1.residue75,2283,214,False
DPC_TR,2719,215,False
CKSAAP_DA.gap1,1030,215,False
GDPC_negativecharger.aromatic,2801,215,False
CTriad_g6.g7.g2,456,215,False
DP_Q,524,215,False
CKSAAP_QY.gap0,869,215,False
CKSAAP_PL.gap3,2039,215,False
CKSAAP_PQ.gap3,2043,215,False
DPC_GR,2499,215,False
CTDD_polarizability.3.residue50,2337,215,False
CTriad_g4.g1.g3,317,216,False
CKSAAP_QD.gap0,852,216,False
CTriad_g5.g4.g5,389,216,False
CKSAAP_VL.gap3,2139,216,False
Geary_ARGP820103.lag3,547,216,False
CTDD_polarizability.2.residue100,2334,216,False
CKSAAP_GV.gap1,1107,216,False
CKSAAP_SI.gap0,897,216,False
CKSAAP_IQ.gap1,1143,216,False
CKSAAP_RL.gap3,2079,216,False
CKSAAP_TQ.gap1,1323,217,False
CTriad_g4.g6.g2,351,217,False
CKSAAP_MF.gap0,794,217,False
CKSAAP_IC.gap1,1131,217,False
CKSAAP_IE.gap0,733,217,False
CKSAAP_WF.gap3,2154,217,False
CKSAAP_WW.gap0,968,217,False
CKSAAP_AV.gap1,1007,217,False
GAAC_alphatic,531,217,False
CTDC_hydrophobicity_CASG920101.G1,94,217,False
CKSAAP_ER.gap0,664,218,False
CTDD_hydrophobicity_FASG890101.2.residue75,2288,218,False
CTriad_g7.g3.g5,480,218,False
CKSAAP_DT.gap3,1846,218,False
CKSAAP_RT.gap1,1286,218,False
CKSAAP_MA.gap1,1190,218,False
DPC_WW,2763,218,False
CTDD_polarity.1.residue25,2311,218,False
CKSAAP_TH.gap3,2116,218,False
CKSAAP_RT.gap3,2086,218,False
DPC_MI,2592,219,False
CKSAAP_NP.gap3,2022,219,False
CTDD_hydrophobicity_ARGP820101.2.residue25,2211,219,False
CKSAAP_AS.gap2,1405,219,False
CTriad_g7.g1.g1,462,219,False
CKSAAP_TT.gap3,2126,219,False
CKSAAP_EV.gap0,667,219,False
CKSAAP_TR.gap0,924,219,False
Moran_ARGP820103.lag1,569,219,False
CKSAAP_KR.gap1,1164,219,False
CKSAAP_KT.gap2,1566,220,False
CTriad_g1.g2.g1,175,220,False
CKSAAP_VD.gap1,1332,220,False
CKSAAP_IR.gap2,1544,220,False
CKSAAP_DA.gap2,1430,220,False
DPC_LI,2572,220,False
CTriad_g2.g6.g4,255,220,False
CKSAAP_KR.gap0,764,220,False
DPC_QV,2662,220,False
CKSAAP_NL.gap2,1619,220,False
CTriad_g3.g4.g3,289,221,False
DPC_VM,2735,221,False
CKSAAP_QL.gap2,1659,221,False
CKSAAP_IL.gap1,1139,221,False
DPC_LA,2565,221,False
DPC_LF,2569,221,False
CKSAAP_EP.gap1,1062,221,False
CTDD_hydrophobicity_ARGP820101.3.residue100,2219,221,False
CKSAAP_LI.gap2,1577,221,False
CKSAAP_CV.gap3,1827,221,False
CKSAAP_NV.gap2,1627,222,False
CKSAAP_KE.gap2,1553,222,False
CTriad_g1.g5.g5,200,222,False
CTriad_g5.g5.g5,396,222,False
CKSAAP_KI.gap3,1957,222,False
CKSAAP_KF.gap3,1954,222,False
CKSAAP_RR.gap1,1284,222,False
CKSAAP_AW.gap3,1808,222,False
CKSAAP_KN.gap1,1161,222,False
CKSAAP_DC.gap3,1831,222,False
CKSAAP_EL.gap3,1859,223,False
CKSAAP_FT.gap1,1086,223,False
DPC_RL,2674,223,False
CKSAAP_AY.gap2,1409,223,False
DPC_VK,2733,223,False
CKSAAP_YG.gap0,975,223,False
CKSAAP_IL.gap3,1939,223,False
CTDD_hydrophobicity_PONP930101.1.residue100,2239,223,False
CTriad_g6.g3.g1,427,223,False
CKSAAP_CN.gap1,1021,223,False
CKSAAP_KV.gap2,1567,224,False
DPC_RK,2673,224,False
CTriad_g2.g3.g5,235,224,False
CKSAAP_NW.gap1,1228,224,False
DPC_RW,2683,224,False
CTriad_g2.g6.g2,253,224,False
CTriad_g5.g2.g7,377,224,False
CKSAAP_RQ.gap1,1283,224,False
CKSAAP_TV.gap2,1727,224,False
CTriad_g6.g4.g3,436,224,False
CKSAAP_TP.gap0,922,225,False
CKSAAP_FL.gap0,679,225,False
CTriad_g6.g2.g7,426,225,False
CKSAAP_LQ.gap1,1183,225,False
CKSAAP_CV.gap1,1027,225,False
CKSAAP_TF.gap3,2114,225,False
CTriad_g7.g7.g6,509,225,False
CKSAAP_TM.gap3,2120,225,False
CTriad_g4.g7.g4,360,225,False
AC_BHAR880101.lag3,167,225,False
CKSAAP_ER.gap2,1464,226,False
CKSAAP_PA.gap0,830,226,False
AC_ARGP820101.lag3,149,226,False
CKSAAP_NT.gap0,826,226,False
CKSAAP_PR.gap0,844,226,False
DPC_QW,2663,226,False
CKSAAP_QL.gap3,2059,226,False
CKSAAP_CL.gap1,1019,226,False
CKSAAP_AC.gap2,1391,226,False
CTriad_g4.g7.g7,363,226,False
CKSAAP_WC.gap1,1351,227,False
CKSAAP_SF.gap2,1694,227,False
CKSAAP_VV.gap0,947,227,False
CTriad_g2.g4.g3,240,227,False
CTriad_g2.g4.g5,242,227,False
CTDC_hydrophobicity_PRAM900101.G2,83,227,False
CKSAAP_MR.gap0,804,227,False
CKSAAP_KS.gap0,765,227,False
CKSAAP_KW.gap1,1168,227,False
CKSAAP_KS.gap1,1165,227,False
DPC_SQ,2698,228,False
CKSAAP_YQ.gap0,983,228,False
CKSAAP_VF.gap3,2134,228,False
CTriad_g1.g7.g7,216,228,False
Geary_BEGF750103.lag2,555,228,False
CTriad_g2.g2.g5,228,228,False
CKSAAP_EC.gap1,1051,228,False
DPC_TH,2711,228,False
CTriad_g6.g5.g7,447,228,False
CKSAAP_ND.gap0,812,228,False
CKSAAP_TE.gap0,913,229,False
CKSAAP_NS.gap3,2025,229,False
CKSAAP_RL.gap1,1279,229,False
DPC_RM,2675,229,False
CTriad_g2.g5.g1,245,229,False
CTriad_g3.g1.g4,269,229,False
CKSAAP_CG.gap3,1815,229,False
DPC_YA,2765,229,False
DPC_YD,2767,229,False
CKSAAP_CY.gap3,1829,229,False
CKSAAP_TH.gap0,916,230,False
CKSAAP_RV.gap2,1687,230,False
CKSAAP_WI.gap0,957,230,False
CKSAAP_GA.gap0,690,230,False
CKSAAP_WC.gap2,1751,230,False
CTDD_hydrophobicity_CASG920101.2.residue50,2257,230,False
CKSAAP_TR.gap1,1324,230,False
CKSAAP_RL.gap0,879,230,False
DPC_SH,2691,230,False
CKSAAP_KP.gap1,1162,230,False
CTriad_g4.g2.g1,322,231,False
CKSAAP_FI.gap1,1077,231,False
CKSAAP_KY.gap2,1569,231,False
CKSAAP_NI.gap1,1217,231,False
DP_W,529,231,False
CKSAAP_KI.gap2,1557,231,False
CKSAAP_RY.gap0,889,231,False
DPC_HN,2516,231,False
CKSAAP_QF.gap1,1254,231,False
CKSAAP_PF.gap1,1234,231,False
DPC_PC,2626,232,False
CTriad_g1.g1.g5,172,232,False
CKSAAP_AK.gap1,998,232,False
CKSAAP_HL.gap3,1919,232,False
DPC_QT,2661,232,False
CKSAAP_CT.gap3,1826,232,False
GDPC_uncharger.alphaticr,2805,232,False
CKSAAP_LY.gap1,1189,232,False
CKSAAP_VL.gap2,1739,232,False
CKSAAP_KW.gap2,1568,232,False
CKSAAP_AP.gap1,1002,233,False
CTDD_secondarystruct.3.residue25,2366,233,False
CTriad_g5.g7.g7,412,233,False
CTriad_g5.g3.g1,378,233,False
CTriad_g4.g5.g3,345,233,False
CTriad_g1.g5.g6,201,233,False
CKSAAP_VC.gap3,2131,233,False
CKSAAP_SD.gap2,1692,233,False
CTriad_g3.g6.g7,307,233,False
CKSAAP_CK.gap1,1018,233,False
CKSAAP_NM.gap2,1620,234,False
CKSAAP_NV.gap3,2027,234,False
DPC_MF,2589,234,False
GDPC_postivecharger.postivecharger,2797,234,False
CTriad_g7.g5.g7,496,234,False
CKSAAP_SC.gap2,1691,234,False
CKSAAP_NF.gap3,2014,234,False
CKSAAP_MC.gap2,1591,234,False
CKSAAP_AR.gap2,1404,234,False
CKSAAP_NN.gap3,2021,234,False
CTriad_g7.g3.g6,481,235,False
CKSAAP_TG.gap2,1715,235,False
CKSAAP_GF.gap3,1894,235,False
CKSAAP_FA.gap1,1070,235,False
CKSAAP_VF.gap2,1734,235,False
CKSAAP_CL.gap2,1419,235,False
CKSAAP_FW.gap1,1088,235,False
CKSAAP_GC.gap2,1491,235,False
CKSAAP_NL.gap3,2019,235,False
CKSAAP_NI.gap3,2017,235,False
CKSAAP_MQ.gap0,803,236,False
CKSAAP_KE.gap0,753,236,False
CKSAAP_RE.gap0,873,236,False
CKSAAP_DY.gap1,1049,236,False
CTriad_g6.g1.g7,419,236,False
CKSAAP_TW.gap0,928,236,False
AC_BEGF750103.lag2,163,236,False
CKSAAP_MS.gap0,805,236,False
DPC_RY,2684,236,False
CTDD_hydrophobicity_ARGP820101.1.residue25,2206,236,False
DPC_IL,2534,237,False
CTDD_hydrophobicity_ARGP820101.1.residue75,2208,237,False
CKSAAP_VT.gap0,946,237,False
CKSAAP_PA.gap2,1630,237,False
CKSAAP_KN.gap3,1961,237,False
CKSAAP_KQ.gap3,1963,237,False
NMBroto_ARGP820101.lag1,2813,237,False
CTriad_g5.g4.g7,391,237,False
CTriad_g5.g1.g2,365,237,False
AC_ARGP820102.lag2,151,237,False
CTriad_g7.g3.g2,477,238,False
CKSAAP_TC.gap1,1311,238,False
DPC_WL,2754,238,False
CKSAAP_NM.gap3,2020,238,False
CTriad_g7.g3.g1,476,238,False
CKSAAP_VA.gap0,930,238,False
CTriad_g1.g5.g4,199,238,False
DPC_YR,2779,238,False
CTriad_g5.g3.g6,383,238,False
CKSAAP_SG.gap0,895,238,False
CKSAAP_CC.gap3,1811,239,False
CKSAAP_LD.gap3,1972,239,False
CKSAAP_FL.gap3,1879,239,False
CKSAAP_TN.gap0,921,239,False
CKSAAP_NL.gap1,1219,239,False
CKSAAP_TE.gap2,1713,239,False
CKSAAP_EF.gap3,1854,239,False
CTriad_g1.g1.g4,171,239,False
CTriad_g5.g3.g4,381,239,False
CKSAAP_KM.gap2,1560,239,False
CKSAAP_RP.gap0,882,240,False
CKSAAP_TF.gap2,1714,240,False
CKSAAP_YC.gap1,1371,240,False
CKSAAP_CI.gap3,1817,240,False
Geary_ARGP820102.lag3,544,240,False
CKSAAP_VC.gap2,1731,240,False
CKSAAP_TT.gap2,1726,240,False
CTriad_g7.g4.g4,486,240,False
DPC_ND,2607,240,False
CTriad_g7.g7.g4,507,240,False
CKSAAP_HI.gap1,1117,241,False
GDPC_negativecharger.uncharger,2804,241,False
CKSAAP_WF.gap0,954,241,False
CTriad_g6.g1.g3,415,241,False
CKSAAP_TT.gap1,1326,241,False
CKSAAP_VA.gap1,1330,241,False
CKSAAP_IC.gap3,1931,241,False
CTriad_g4.g6.g4,353,241,False
CTriad_g5.g3.g7,384,241,False
DPC_IV,2542,241,False
Geary_ARGP820101.lag1,539,242,False
CKSAAP_FC.gap3,1871,242,False
CKSAAP_NW.gap0,828,242,False
CKSAAP_QQ.gap0,863,242,False
CKSAAP_TL.gap3,2119,242,False
CKSAAP_QW.gap0,868,242,False
CTriad_g4.g1.g2,316,242,False
CTriad_g6.g1.g5,417,242,False
DP_S,526,242,False
CTriad_g4.g2.g3,324,242,False
CKSAAP_RF.gap3,2074,243,False
CKSAAP_NE.gap3,2013,243,False
CTDD_secondarystruct.2.residue100,2364,243,False
CKSAAP_EG.gap1,1055,243,False
CKSAAP_VY.gap0,949,243,False
CTDD_hydrophobicity_FASG890101.3.residue25,2291,243,False
CTriad_g7.g7.g2,505,243,False
CTriad_g7.g3.g4,479,243,False
CKSAAP_GT.gap1,1106,243,False
DPC_LR,2579,243,False
CTriad_g4.g7.g6,362,244,False
CTDD_secondarystruct.2.residue0,2360,244,False
CTriad_g4.g6.g3,352,244,False
NMBroto_BEGF750102.lag1,2825,244,False
CKSAAP_AQ.gap1,1003,244,False
CTriad_g7.g1.g6,467,244,False
CKSAAP_NY.gap2,1629,244,False
DPC_MS,2600,244,False
CKSAAP_FD.gap2,1472,244,False
GDPC_uncharger.postivecharger,2807,244,False
CKSAAP_TT.gap0,926,245,False
CKSAAP_NK.gap1,1218,245,False
CKSAAP_TN.gap3,2121,245,False
CTriad_g2.g5.g2,246,245,False
NMBroto_BHAR880101.lag3,2833,245,False
Geary_ANDN920101.lag2,537,245,False
CKSAAP_PQ.gap0,843,245,False
CTDD_secondarystruct.3.residue100,2369,245,False
DPC_NR,2619,245,False
CKSAAP_KS.gap2,1565,245,False
CTriad_g5.g3.g3,380,246,False
CKSAAP_CW.gap2,1428,246,False
CKSAAP_GF.gap2,1494,246,False
CKSAAP_QL.gap1,1259,246,False
DP_F,515,246,False
CKSAAP_RF.gap2,1674,246,False
CKSAAP_RT.gap2,1686,246,False
CTriad_g1.g4.g3,191,246,False
Geary_ARGP820102.lag2,543,246,False
CTriad_g1.g4.g2,190,246,False
CKSAAP_IF.gap2,1534,247,False
CTriad_g1.g2.g7,181,247,False
CKSAAP_RD.gap0,872,247,False
GDPC_aromatic.uncharger,2794,247,False
CKSAAP_RT.gap0,886,247,False
CKSAAP_GC.gap1,1091,247,False
CKSAAP_KK.gap1,1158,247,False
DPC_ME,2588,247,False
CTriad_g4.g1.g7,321,247,False
CTriad_g4.g1.g1,315,247,False
CKSAAP_FS.gap1,1085,248,False
CKSAAP_FL.gap1,1079,248,False
CKSAAP_NS.gap1,1225,248,False
CKSAAP_WL.gap2,1759,248,False
NMBroto_BEGF750101.lag3,2824,248,False
CKSAAP_TY.gap2,1729,248,False
CKSAAP_NG.gap2,1615,248,False
CKSAAP_PD.gap3,2032,248,False
CTriad_g2.g2.g6,229,248,False
NMBroto_BEGF750103.lag3,2830,248,False
DPC_HF,2509,249,False
CTriad_g6.g5.g6,446,249,False
CTriad_g5.g6.g6,404,249,False
CKSAAP_WC.gap0,951,249,False
CTDD_solventaccess.2.residue100,2379,249,False
DPC_MH,2591,249,False
CTDD_polarity.1.residue100,2314,249,False
DPC_VN,2736,249,False
CTDD_secondarystruct.3.residue75,2368,249,False
CKSAAP_QI.gap0,857,249,False
CKSAAP_CY.gap2,1429,250,False
CKSAAP_GY.gap1,1109,250,False
CTDD_hydrophobicity_ARGP820101.2.residue100,2214,250,False
CKSAAP_LA.gap1,1170,250,False
CKSAAP_RC.gap0,871,250,False
CKSAAP_PI.gap0,837,250,False
CKSAAP_AF.gap3,1794,250,False
DPC_IW,2543,250,False
DPC_IY,2544,250,False
NMBroto_BEGF750103.lag1,2828,250,False
CKSAAP_EN.gap1,1061,251,False
CKSAAP_RM.gap0,880,251,False
GDPC_postivecharger.uncharger,2799,251,False
GDPC_negativecharger.negativecharger,2803,251,False
CTriad_g7.g6.g6,502,251,False
CKSAAP_QF.gap2,1654,251,False
CTDD_hydrophobicity_FASG890101.3.residue100,2294,251,False
CKSAAP_QF.gap0,854,251,False
DP_R,525,251,False
CKSAAP_RC.gap1,1271,251,False
CTriad_g7.g3.g3,478,252,False
CTDD_secondarystruct.2.residue75,2363,252,False
CTDD_charge.3.residue25,2351,252,False
CKSAAP_TI.gap2,1717,252,False
CKSAAP_KT.gap3,1966,252,False
CTriad_g5.g5.g2,393,252,False
CTriad_g7.g7.g3,506,252,False
CKSAAP_WQ.gap1,1363,252,False
CKSAAP_KL.gap3,1959,252,False
CTriad_g2.g2.g3,226,252,False
CTriad_g7.g1.g3,464,253,False
NMBroto_BEGF750101.lag2,2823,253,False
CTriad_g3.g1.g2,267,253,False
DPC_RN,2676,253,False
CKSAAP_KM.gap3,1960,253,False
CTriad_g3.g1.g7,272,253,False
DPC_IG,2530,253,False
CKSAAP_LT.gap1,1186,253,False
CKSAAP_YL.gap0,979,253,False
CKSAAP_AC.gap1,991,253,False
DPC_PE,2628,254,False
CKSAAP_ET.gap1,1066,254,False
CTriad_g3.g3.g5,284,254,False
DPC_YY,2784,254,False
CKSAAP_LC.gap2,1571,254,False
CTriad_g4.g5.g4,346,254,False
DPC_WS,2760,254,False
CTriad_g1.g1.g3,170,254,False
CTriad_g4.g4.g1,336,254,False
CKSAAP_KL.gap2,1559,254,False
CKSAAP_II.gap1,1137,255,False
GAAC_negativecharge,534,255,False
CKSAAP_FF.gap2,1474,255,False
CKSAAP_LC.gap1,1171,255,False
CTriad_g1.g7.g2,211,255,False
CKSAAP_NM.gap1,1220,255,False
DPC_PM,2635,255,False
DPC_IQ,2538,255,False
DPC_SC,2686,255,False
CKSAAP_NP.gap1,1222,255,False
CKSAAP_AR.gap0,604,256,False
CKSAAP_SL.gap0,899,256,False
CTriad_g2.g3.g7,237,256,False
CKSAAP_LD.gap2,1572,256,False
CTriad_g6.g3.g6,432,256,False
CTriad_g2.g4.g2,239,256,False
CTriad_g5.g1.g3,366,256,False
CKSAAP_PC.gap3,2031,256,False
GDPC_alphaticr.uncharger,2789,256,False
CKSAAP_ES.gap0,665,256,False
NMBroto_ARGP820102.lag1,2816,257,False
DPC_QS,2660,257,False
MW,0,257,False
CKSAAP_QC.gap0,851,257,False
CKSAAP_GI.gap1,1097,257,False
DPC_MC,2586,257,False
CTriad_g2.g7.g7,265,257,False
CKSAAP_VF.gap0,934,257,False
CKSAAP_NY.gap3,2029,257,False
CTriad_g5.g5.g4,395,257,False
CKSAAP_AF.gap2,1394,258,False
CKSAAP_NN.gap2,1621,258,False
CKSAAP_WC.gap3,2151,258,False
CKSAAP_NI.gap0,817,258,False
CTriad_g6.g2.g5,424,258,False
DPC_PP,2637,258,False
CTDD_hydrophobicity_PRAM900101.2.residue100,2199,258,False
CKSAAP_NV.gap1,1227,258,False
NMBroto_ANDN920101.lag3,2812,258,False
GDPC_postivecharger.negativecharger,2798,258,False
CKSAAP_CI.gap1,1017,259,False
CKSAAP_TC.gap0,911,259,False
CKSAAP_PF.gap3,2034,259,False
CKSAAP_EI.gap1,1057,259,False
CKSAAP_KR.gap3,1964,259,False
CKSAAP_VQ.gap0,943,259,False
CKSAAP_NR.gap0,824,259,False
GDPC_aromatic.negativecharger,2793,259,False
Geary_BEGF750101.lag2,549,259,False
CKSAAP_NN.gap1,1221,259,False
GDPC_uncharger.uncharger,2809,260,False
CKSAAP_SF.gap1,1294,260,False
DPC_TI,2712,260,False
CTriad_g2.g6.g5,256,260,False
CTriad_g5.g2.g1,371,260,False
CTDD_hydrophobicity_ENGD860101.2.residue100,2274,260,False
CKSAAP_TY.gap0,929,260,False
CKSAAP_PT.gap0,846,260,False
DPC_PT,2641,260,False
CTriad_g4.g7.g3,359,260,False
CKSAAP_EW.gap1,1068,261,False
CTriad_g3.g2.g3,275,261,False
CKSAAP_GQ.gap1,1103,261,False
CKSAAP_KC.gap1,1151,261,False
GDPC_alphaticr.negativecharger,2788,261,False
CKSAAP_VI.gap0,937,261,False
GDPC_negativecharger.postivecharger,2802,261,False
DPC_NL,2614,261,False
CKSAAP_CL.gap3,1819,261,False
DPC_MD,2587,261,False
CKSAAP_CA.gap0,610,262,False
CKSAAP_EF.gap2,1454,262,False
CKSAAP_AG.gap1,995,262,False
CKSAAP_RQ.gap2,1683,262,False
CKSAAP_RR.gap0,884,262,False
DPC_MK,2593,262,False
CKSAAP_KL.gap1,1159,262,False
CTDD_hydrophobicity_ZIMJ680101.3.residue100,2234,262,False
CKSAAP_DF.gap1,1034,262,False
CTDD_hydrophobicity_ZIMJ680101.3.residue25,2231,262,False
CKSAAP_PL.gap1,1239,263,False
CTriad_g4.g7.g1,357,263,False
CTriad_g4.g5.g7,349,263,False
CKSAAP_NF.gap0,814,263,False
DPC_IR,2539,263,False
CKSAAP_DI.gap1,1037,263,False
NMBroto_ARGP820102.lag2,2817,263,False
CKSAAP_SC.gap0,891,263,False
CKSAAP_MC.gap3,1991,263,False
tpye10_T1.G.2_T1.G.1_gap2,2836,263,False
CKSAAP_ER.gap1,1064,264,False
CKSAAP_AL.gap1,999,264,False
CKSAAP_QC.gap2,1651,264,False
DPC_VP,2737,264,False
CKSAAP_PD.gap1,1232,264,False
CTriad_g7.g6.g2,498,264,False
GDPC_alphaticr.postivecharger,2787,264,False
NMBroto_ARGP820102.lag3,2818,264,False
GDPC_postivecharger.alphaticr,2795,264,False
NMBroto_ARGP820101.lag3,2815,264,False
CTriad_g5.g7.g6,411,265,False
tpye10_T1.G.1_T1.G.2_gap2,2835,265,False
DPC_RG,2670,265,False
CKSAAP_NR.gap1,1224,265,False
NMBroto_BEGF750103.lag2,2829,265,False
DPC_NT,2621,265,False
CKSAAP_KH.gap1,1156,265,False
DPC_AH,2391,265,False
DPC_WT,2761,265,False
CKSAAP_YF.gap0,974,265,False
NMBroto_ARGP820103.lag3,2821,266,False
CKSAAP_LF.gap3,1974,266,False
DPC_VR,2739,266,False
CKSAAP_NP.gap0,822,266,False
CTriad_g3.g3.g4,283,266,False
CTriad_g3.g6.g6,306,266,False
CKSAAP_DS.gap0,645,266,False
DPC_SA,2685,266,False
CKSAAP_HC.gap1,1111,266,False
tpye10_T1.G.2_T1.G.2_gap2,2837,266,False
DP_I,518,267,False
CTriad_g7.g4.g1,483,267,False
CTriad_g1.g1.g1,168,267,False
CKSAAP_FC.gap1,1071,267,False
CKSAAP_CT.gap1,1026,267,False
CKSAAP_HA.gap0,710,267,False
CTriad_g1.g2.g3,177,267,False
CKSAAP_PC.gap0,831,267,False
CKSAAP_LL.gap1,1179,267,False
CTriad_g2.g3.g1,231,267,False
CTriad_g3.g6.g3,303,268,False
DPC_SG,2690,268,False
CTriad_g2.g4.g7,244,268,False
CKSAAP_DA.gap0,630,268,False
CKSAAP_KE.gap1,1153,268,False
CKSAAP_RI.gap0,877,268,False
DPC_YM,2775,268,False
DPC_QF,2649,268,False
CTriad_g7.g2.g3,471,268,False
CTriad_g1.g2.g4,178,268,False
CTriad_g4.g2.g2,323,269,False
CKSAAP_AM.gap0,600,269,False
CKSAAP_IF.gap1,1134,269,False
CTDD_secondarystruct.2.residue25,2361,269,False
DPC_IP,2537,269,False
CKSAAP_TI.gap0,917,269,False
CTriad_g3.g2.g1,273,269,False
CKSAAP_PF.gap2,1634,269,False
CKSAAP_RQ.gap0,883,269,False
CKSAAP_QC.gap3,2051,269,False
CKSAAP_NM.gap0,820,270,False
DPC_YE,2768,270,False
NMBroto_BHAR880101.lag2,2832,270,False
DPC_TA,2705,270,False
CKSAAP_SC.gap1,1291,270,False
DPC_KH,2551,270,False
GDPC_alphaticr.alphaticr,2785,270,False
GDPC_aromatic.postivecharger,2792,270,False
CTriad_g3.g3.g1,280,270,False
DP_G,516,270,False
CTriad_g3.g7.g4,311,271,False
DPC_IT,2541,271,False
GDPC_postivecharger.aromatic,2796,271,False
AC_BHAR880101.lag1,165,271,False
CKSAAP_PC.gap1,1231,271,False
,2838,271,False
CKSAAP_CC.gap1,1011,271,False
CKSAAP_TV.gap0,927,271,False
CKSAAP_GM.gap0,700,271,False
CKSAAP_FF.gap1,1074,271,False
DP_C,512,272,False
CKSAAP_NQ.gap1,1223,272,False
CKSAAP_NV.gap0,827,272,False
CKSAAP_NQ.gap0,823,272,False
CTDD_solventaccess.1.residue50,2372,272,False
CKSAAP_NL.gap0,819,272,False
CKSAAP_NG.gap0,815,272,False
CTriad_g3.g1.g1,266,272,False
CTDD_charge.3.residue100,2354,272,False
DPC_PQ,2638,272,False
CKSAAP_KF.gap1,1154,273,False
CKSAAP_PF.gap0,834,273,False
CKSAAP_DC.gap1,1031,273,False
CKSAAP_MC.gap1,1191,273,False
DPC_VC,2726,273,False
DPC_VS,2740,273,False
CKSAAP_HF.gap1,1114,273,False
CTriad_g3.g3.g7,286,273,False
CTriad_g1.g2.g6,180,273,False
DPC_WD,2747,273,False
CKSAAP_LF.gap1,1174,274,False
DPC_SE,2688,274,False
CKSAAP_KV.gap1,1167,274,False
CTDD_hydrophobicity_CASG920101.1.residue100,2254,274,False
DP_M,521,274,False
DPC_QN,2656,274,False
DPC_VQ,2738,274,False
DP_D,513,274,False
DPC_YV,2782,274,False
CKSAAP_RF.gap0,874,274,False
CKSAAP_CF.gap1,1014,275,False
CKSAAP_KQ.gap1,1163,275,False
GDPC_uncharger.negativecharger,2808,275,False
DP_A,511,275,False
CKSAAP_RF.gap1,1274,275,False
GDPC_negativecharger.alphaticr,2800,275,False
DPC_SF,2689,275,False
DP_L,520,275,False
CKSAAP_NQ.gap2,1623,275,False
CKSAAP_AT.gap1,1006,275,False
CTriad_g1.g1.g2,169,276,False
AC_BHAR880101.lag2,166,276,False
DP_H,517,276,False
CKSAAP_VC.gap0,931,276,False
NMBroto_ARGP820103.lag1,2819,276,False
CKSAAP_PD.gap0,832,276,False
DPC_SD,2687,276,False
GDPC_alphaticr.aromatic,2786,276,False
CKSAAP_EF.gap1,1054,276,False
CKSAAP_KI.gap1,1157,276,False
NMBroto_ANDN920101.lag2,2811,277,False
CTriad_g5.g4.g2,386,277,False
AC_ANDN920101.lag3,146,277,False
DPC_HW,2523,277,False
CTriad_g1.g2.g2,176,277,False
CKSAAP_AF.gap1,994,277,False
NMBroto_ARGP820103.lag2,2820,277,False
CTriad_g2.g7.g5,263,277,False
DP_K,519,277,False
DPC_VL,2734,277,False
NMBroto_ARGP820101.lag2,2814,278,False
NMBroto_BEGF750102.lag3,2827,278,False
DPC_PV,2642,278,False
CKSAAP_EL.gap1,1059,278,False
CKSAAP_CF.gap2,1414,278,False
NMBroto_BHAR880101.lag1,2831,278,False
tpye10_T1.G.1_T1.G.1_gap2,2834,278,False
CTriad_g1.g3.g2,183,278,False
NMBroto_BEGF750101.lag1,2822,278,False
CTriad_g3.g2.g6,278,278,False
